name,spect,x,y,z,id
Sol,G2V,0,0,0,0
Tau Phe,G8III,119,0,-136,1
The Oct,K2III,14,0,-64,2
29Psc,B7III-IV,139,1,-7,3
30Psc,M3III,131,1,-13,4
85Peg,G3V,10,0,5,5
Zet Scl,B4V,133,1,-76,6
31Psc,A6V,121,1,19,7
32Psc,F0V,36,0,5,8
2Cet,B9IVn,79,1,-24,9
9Cas,A1III,46495,857,88529,10
3Cet,K3Ibvar,630,12,-116,11
33Psc,K1III,39,0,-3,12
86Peg,G5III,111,2,26,13
10Cas,B9III,115,3,239,14
Alpheratz,B9p,25,0,14,15
87Peg,G9III,82,3,27,16
Caph,F2III-IV,8,0,14,17
Kap1Scl,F3V,68,2,-36,18
Eps Phe,K0III,30,1,-31,19
34Psc,B9V,91,4,18,20
Gam3Oct,K1/K2III,10,0,-77,21
22And,F2II,261,11,271,22
6Cet,F5V,18,0,-5,23
Kap2Scl,K2III,214,10,-113,24
The Scl,F3/F5V,17,0,-12,25
Algenib,B2IV,115,6,31,26
23And,F0IV,26,1,22,27
89Chi Peg,M2III,105,6,38,28
7Cet,M1III,129,8,-44,29
35Psc,F0IV,76,5,11,30
36Psc,G8II-III,123,8,17,31
24The And,A2V,73,5,59,32
25Sig And,A2V,32,2,24,33
26And,B8V,145,11,140,34
8Iot Cet,K2III,82,7,-12,35
Zet Tuc,F9V,3,0,-7,36
41Psc,K3III,123,11,17,37
Pi  Tuc,B9V,33,3,-91,38
27Rho And,F5III,38,3,29,39
Iot Scl,K0III,88,8,-49,40
42Psc,K3III,148,14,35,41
9Cet,G3V,20,2,-4,42
12Cas,B9III,100,10,189,43
44Psc,G5III,143,15,4,44
Bet Hyi,G2IV,1,0,-7,45
Kap Phe,A7V,17,1,-16,46
Ankaa,K0III...,19,2,-17,47
10Cet,G8III,137,16,0,48
Eta Scl,M2/M3III,115,14,-75,49
47Psc,M3IIIvar,153,18,49,50
48Psc,K5III,222,27,66,51
12Cet,M0III,172,22,-12,52
28And,A7III,54,7,31,53
Lam1Phe,A0V,34,4,-39,54
13Cas,B6V,92,12,213,55
Bet1Tuc,B9V,18,2,-36,56
Bet2Tuc,A2V,23,3,-46,57
14Lam Cas,B8Vn,66,9,94,58
51Psc,B9.5V,79,11,9,59
52Psc,K0III,74,10,27,60
Bet3Tuc,A0V,20,2,-40,61
15Kap Cas,B1Ia,45034,6529,89046,62
The Tuc,A7IV,41,6,-123,63
16Cas,B9III,74,11,174,64
13Cet,F8V...,20,3,-1,65
14Cet,F5IV,53,8,0,66
Lam2Phe,F6V,23,3,-25,67
53Psc,B2.5IV,303,49,83,68
29Pi  And,B5V,150,24,101,69
17Zet Cas,B2IV,105,17,146,70
30Eps And,G5III...,43,7,24,71
31Del And,K3III...,27,4,16,72
54Psc,K0V,10,1,4,73
55Psc,F3V...,116,20,46,74
Shedir,K0II-IIIvar,37,6,58,75
32And,G8III,82,14,69,76
Mu  Phe,G8III,51,9,-54,77
Xi  Phe,Ap,36,6,-55,78
19Xi  Cas,B2.5V,274,50,338,79
Rho Tuc,F6V,16,3,-37,80
Lam1Scl,B9.5V,111,21,-90,81
Eta Phe,A0IV,39,7,-63,82
20Pi  Cas,A5V,35,6,39,83
Diphda,K0III,27,5,-9,84
17Phi1Cet,K0IIIvar,69,13,-13,85
Lam2Scl,K1III,79,15,-64,86
22Omi Cas,B5III,140,27,160,87
18Cet,G2V,29,5,-6,88
21Cas,A2IV,23,4,89,89
57Psc,M4III,224,46,63,90
58Psc,G8II,83,17,18,91
59Psc,F0Vn,92,19,33,92
34Zet And,K1II,51,10,23,93
60Psc,G8III,137,28,16,94
23Cas,B8III,60,12,228,95
61Psc,F8V,52,11,20,96
62Psc,G8III,172,36,22,97
96 G. Psc,K2V,7,1,0,98
Lam Hyi,K5III,16,3,-62,99
63Del Psc,K5III,92,19,12,100
25Nu  Cas,B9III,77,16,98,101
64Psc,F8V...,21,4,6,102
24Eta Cas,G0V SB,3,0,5,103
Van Maanen's Star,DG,4,0,0,104
35Nu  And,B5V SB,139,30,124,105
65Psc,F5III+...,76,16,41,106
19Phi2Cet,F7IV-V,15,3,-2,107
Rho Phe,F2III,45,10,-57,108
Lam1Tuc,F7IV/V,21,5,-59,109
20Cet,M0III,175,41,-3,110
21Cet,G5IV,126,30,-19,111
66Psc,A1Vn,99,24,35,112
36And,K1IV,33,8,15,113
26Ups1Cas,K2III,50,12,86,114
Lam2Tuc,G7III,23,5,-63,115
67Psc,A5IV,67,16,35,116
22Phi3Cet,K4III,160,40,-33,117
28Ups2Cas,G8III-IV,30,7,52,118
Cih,B0IV:evar,79,20,146,119
37Mu  And,A5V,30,7,24,120
38Eta And,G8III-IV,62,15,27,121
68Psc,G6III,168,43,96,122
Alp Scl,B7IIIp,200,52,-116,123
23Phi4Cet,G7III,92,24,-19,124
Xi  Scl,K1III,118,32,-98,125
Ome Phe,G8III,63,17,-101,126
Sig Scl,A1/A2IV,58,16,-37,127
69Sig Psc,B9.5V,108,30,70,128
39And,A5m,77,21,70,129
71Eps Psc,K0III,53,14,7,130
25Cet,K0III-IV,98,27,-8,131
26Cet,F1V,57,16,1,132
73Psc,K5III,190,55,19,133
72Psc,F4II-III,50,14,14,134
27Cet,K0III,87,25,-16,135
74Psi1Psc,A1Vn,75,22,30,136
74Psi1Psc,A0Vn,76,22,31,137
77Psc,F4V...,38,11,3,138
77Psc,F6V,41,12,3,139
Bet Phe,G8IIIvar,65728,19495,-72799,140
28Cet,A1V,170,50,-30,141
75Psc,G8III,124,37,29,142
Iot Tuc,G5III,42,12,-82,143
30Cet,F7IV,44,13,-8,144
Ups Phe,A3V,40,12,-37,145
79Psi2Psc,A3V,42,12,16,146
41And,A3m,40,12,40,147
78Psc,F5IV,33,10,21,148
30Mu  Cas,G5Vp,4,1,6,149
80Psc,F0III-IV,33,10,3,150
Zet Phe,B6V + B0V,49,15,-75,151
31Eta Cet,K2III,35,11,-6,152
42Phi And,B7III,142,44,161,153
Mirach,M0IIIvar,46,14,35,154
81Psi3Psc,G0III,103,32,38,155
32Cet,K0III,111,35,-18,156
44And,F8V,36,11,35,157
33Cet,K4III,224,71,10,158
31Cas,A0Vnn,29,9,79,159
33The Cas,A7Vvar,22,7,33,160
82Psc,F0V,119,38,76,161
45And,B7III-IV,182,58,148,162
84Chi Psc,K0III,104,33,42,163
83Tau Psc,K0III-IV...,42,13,25,164
32Cas,B9IV,47,15,107,165
34Cet,K4III,163,52,-6,166
86Zet Psc,A7IV,50,16,7,167
85Phi Psc,K0III...,118,39,56,168
86Zet Psc,F7V,88,29,12,169
87Psc,B8III,127,42,38,170
37Cet,F5V,21,7,-3,171
88Psc,G6III:,149,50,19,172
38Cet,F5V,40,13,0,173
Nu  Phe,F8V,10,3,-10,174
Kap Tuc,F6IV,7,2,-19,175
39Cet,G5III-IVe,76,26,-3,176
89Psc,A3V,70,25,4,177
90Ups Psc,A3V,78,28,43,178
42Cet,A7V...,94,34,0,179
34Phi Cas,F0Ia,49467,18024,85018,180
35Cas,A2Vnn,31,11,70,181
91Psc,K5III,88,32,51,182
46Xi  And,K0III-IV,43,16,46,183
43Cet,K0III:,128,48,-1,184
47And,A1m,47,18,39,185
45The Cet,K0III,32,12,-4,186
44Cet,F0V,62,23,-9,187
46Cet,K2III,79,31,-22,188
Ruchbah,A5Vv SB,14,5,26,189
36Psi Cas,K0III,20,8,55,190
93Rho Psc,F2V:var,22,8,8,191
94Psc,K1III,75,29,28,192
47Cet,F0V,33,13,-8,193
48Ome And,F5IV,18,7,20,194
Gam Phe,K5II-III,48,19,-49,195
48Cet,A0V,61,25,-26,196
97Psc,A4IV,128,53,46,197
49And,K0III,56,23,65,198
98Mu  Psc,K4III,85,35,9,199
38Cas,F6V,9,3,27,200
Del Phe,K0III-IV,26,11,-32,201
99Eta Psc,G8III,95,40,28,202
39Chi Cas,K0III,29,13,54,203
49Cet,A1V,52,22,-16,204
101Psc,B9.5III,421,186,120,205
50Cet,K1III,147,65,-44,206
Tau Scl,F2V,54,24,-34,207
50Ups And,F8V,9,4,8,208
102Pi  Psc,F0V,31,14,7,209
Achernar,B3Vp,21,9,-35,210
51And,K3III,32,14,40,211
40Cas,G8II-IIIvar,37,17,134,212
52Chi And,G8III...,49,23,53,213
105Psc,K2III,104,48,33,214
53Tau And,B8III,150,70,142,215
Tau1Hyi,G6/G8III,20,9,-118,216
106Nu  Psc,K3III,100,47,10,217
Pi  Scl,K1II/III,50,23,-35,218
43Cas,A0p SiSr,40,19,110,219
107Psc,K1V,6,3,2,220
42Cas,B9V,25,12,80,221
44Cas,B8IIIn,141,68,279,222
Phi Per,B2Vpe,125,60,170,223
52Tau Cet,G8V,3,1,-1,224
109Psc,G5IV,27,13,11,225
110Omi Psc,K0III,75,37,13,226
Eps Scl,F2IV,22,11,-11,227
Tau2Hyi,F0III,9,4,-60,228
4Ari,B9.5V,71,36,24,229
53Chi Cet,F3III,20,10,-4,230
1Ari,K1III+...,147,76,68,231
55Zet Cet,K2III,62,33,-12,232
1Per,B1.5V,200,106,325,233
2Per,B9p...,82,43,114,234
2Alp Tri,F6IV,14,7,9,235
55And,K1III,129,69,126,236
5Gam2Ari,A1p Si,41,22,16,237
111Xi  Psc,K0III SB,48,26,3,238
Psi Phe,M4III SB,63,34,-75,239
Phi Phe,A3V,60,33,-63,240
45Eps Cas,B2pvar,49,26,113,241
Sheratan,A5V...,14,8,6,242
Eta2Hyi,G5III,22,12,-62,243
Sig Hyi,F5/F6IV/V,7,3,-39,244
7Ari,K1III,137,75,68,245
Chi Eri,G5IV,9,5,-13,246
46Ome Cas,B8III,68,37,200,247
56And,G8III...,67,37,58,248
56Cet,K3III,87,48,-41,249
8Iot Ari,K1p...,132,74,48,250
9Lam Ari,F0V,31,17,15,251
3Per,K0IV,42,24,56,252
Alp Hyi,F0V,9,5,-19,253
57Cet,M0/M1III,146,84,-64,254
59Ups Cet,K5/M0III,72,41,-32,255
112Psc,G2IV,28,16,1,256
Pi  For,G8III,67,39,-45,257
Chi Phe,K5III,70,41,-80,258
48Cas,A3IV,9,5,33,259
113Alp Psc,A2,39,23,2,260
4Per,B8III,111,65,181,261
52Cas,A1Vn,30,18,75,262
3Eps Tri,A2V,86,51,65,263
53Cas,B8Ib,199,118,484,264
60Cet,A5III,73,44,0,265
50Cas,A2V,12,7,45,266
10Ari,F8IV,37,22,21,267
61Cet,G5V...,95,57,0,268
Almaak,B8V,76,45,81,269
Nu  For,B9.5p (Si),84,51,-55,270
47Cas,F0Vn,6,3,32,271
49Cas,G8III,25,15,119,272
12Kap Ari,A2m,43,26,21,273
11Ari,B9IV-Vn,206,127,116,274
Hamal,K2III,15,9,8,275
58And,A5IV-V,39,24,36,276
14Ari,F2III,67,42,38,277
4Bet Tri,A5III,26,17,22,278
15Ari,M3III,135,87,57,279
59And,B9V,91,58,87,280
59And,A1Vn,65340,41985,62990,281
16Ari,K4III,177,114,102,282
64Cet,G0IV,33,21,6,283
5Tri,A1m,77,50,56,284
5Per,B5Ia,44947,29046,84475,285
63Cet,G9III:,99,64,-3,286
6Tri,F5V comp SB,64,42,44,287
66Cet,F8V,33,21,-1,288
17Eta Ari,F5V,22,14,10,289
Mu  For,A0V,70,46,-50,290
65Xi 1Cet,G8II:,97,63,18,291
19Ari,M0III,118,77,38,292
60And,K4III,97,63,113,293
Pi 1Hyi,M1III,74,49,-220,294
55Cas,B9V+...,72,48,200,295
Pi 2Hyi,K2III,47,31,-138,296
21Ari,F6V,38,25,21,297
20Ari,F6IV-V,31,21,18,298
7Tri,A0V,59,40,47,299
Phi Eri,B8IV-V,24,16,-36,300
67Cet,G8III,83,57,-11,301
8Del Tri,G0V,7,5,6,302
9Gam Tri,A1Vnn,23,16,19,303
8Per,K3III,55,37,106,304
7Per,G7III,111,76,211,305
22The Ari,A1Vn,106,73,46,306
10Tri,A2V,83,57,55,307
62And,A1V,41,29,55,308
Mira,M5e-M9e,75,52,-4,309
63And,B9p Si,62,44,92,310
Del Hyi,A3V,12,9,-39,311
69Cet,M2III,268,191,2,312
70Cet,F0Vn,65,46,-1,313
9Per,A2Ia,45655,32673,82752,314
Kap For,G2V,16,11,-8,315
Kap Hyi,K0III,22,15,-93,316
64And,G8III,63,46,93,317
24Xi  Ari,B7IV,212,155,49,318
Lam Hor,F2III,19,14,-42,319
71Cet,A0III,220,161,-13,320
10Per,B2Ia,44343,32593,83494,321
65And,K4III,58,42,87,322
72Rho Cet,A0V,109,81,-29,323
Kap Eri,B5IV,83,62,-115,324
11Tri,K1III:,57,43,44,325
66And,F4V,28,21,43,326
Phi For,A2/A3V,30,23,-25,327
73Xi 2Cet,B9III,46,35,8,328
12Tri,F0III,34,26,24,329
13Tri,G0V,21,16,15,330
Iot Cas,A5p Sr,12,9,37,331
26Ari,A9V,49,37,22,332
27Ari,G5III-IV,66,51,26,333
Mu  Hyi,G4III,12,10,-85,334
Polaris,F7:Ib-IIv SB,1,1,132,335
76Sig Cet,F5V,20,15,-7,336
14Tri,K5III,84,66,78,337
75Cet,G3III:,64,50,-1,338
29Ari,F8V,22,17,7,339
Lam1For,K0/K1III,72,57,-63,340
Ome For,B9V,102,81,-70,341
77Cet,K4III,108,87,-19,342
15Tri,M3III,123,100,110,343
78Nu  Cet,G8III,80,65,10,344
80Cet,M0III,109,88,-19,345
268 G. Cet,K3V,5,4,0,346
Iot1For,G8/K0III,120,97,-89,347
31Ari,F7V,26,21,7,348
30Ari,F4V,28,23,17,349
Lam2For,G1V,16,13,-14,350
30Ari,F6III,29,24,17,351
Eta Hor,A6V,21,17,-36,352
81Cet,G5III:,71,58,-5,353
Iot2For,F5V,22,18,-17,354
32Nu  Ari,A7V,73,61,38,355
82Del Cet,B2IV,152,127,1,356
83Eps Cet,F5V,16,13,-4,357
Eps Hyi,B9III,13,11,-43,358
Zet Hor,F4IV,21,18,-39,359
Iot Eri,K0III,27,22,-29,360
33Ari,A3V,48,40,32,361
84Cet,F7IV,17,14,0,362
12Per,F9V,14,12,15,363
34Mu  Ari,A0V,83,71,39,364
Iot Hor,G3IV,8,7,-13,365
11Per,B7IIIp...,57,49,108,366
86Gam Cet,A3V,18,15,1,367
35Ari,B3V,70,60,48,368
14Per,G0Ib,162,141,210,369
89Pi  Cet,B7IV,88,76,-28,370
13The Per,F7V,5,4,8,371
36Ari,K2III,74,64,31,372
37Omi Ari,B9Vn,132,115,48,373
87Mu  Cet,F1III-IV,19,16,4,374
38Ari,A7III-IV,26,23,7,375
1Tau1Eri,F5/F6V,10,8,-4,376
Gam Hor,G8III/IV,18,16,-50,377
Zet Hyi,A2IV/V,24,21,-80,378
Eta1For,K0/K1III,92,82,-88,379
39Ari,K1III,34,30,25,380
40Ari,K1III,99,90,44,381
Nu  Hor,A2V,17,15,-44,382
Bet For,G8III,33,30,-28,383
42Pi  Ari,B6V,168,153,71,384
Gam1For,K0III,89,82,-55,385
Gam2For,A1V,91,83,-65,386
41Ari,B8Vn,33,30,23,387
Eta2For,K0III,82,75,-80,388
Nu  Hyi,K3III,19,18,-100,389
16Per,F2III,21,19,22,390
Eta3For,K2III,84,77,-82,391
15Eta Per,K3Ib comp SB,111,102,223,392
2Tau2Eri,K0III,39,36,-20,393
43Sig Ari,B7V,107,99,39,394
17Per,K5III,85,79,82,395
Psi For,F5V,33,31,-36,396
20Per,F4Vvar,40,38,43,397
18Tau Per,G4III...,34,32,62,398
45Rho2Ari,M6IIIvar,73,70,33,399
3Eta Eri,K1III-IV,29,28,-6,400
46Rho3Ari,F6V,24,23,10,401
21Per,B9p...,59,58,51,402
4Eri,A5IV/V,31,30,-19,403
47Ari,F5IV,22,21,11,404
6Eri,K2III,132,130,-81,405
Acamar,A4III+...,26,26,-31,406
22Pi  Per,A2Vn,51,51,60,407
Bet Hor,A5III,28,27,-81,408
24Per,K2III,65,64,65,409
48Eps Ari,A2Vs,67,66,37,410
Zet For,F3V,20,20,-13,411
5Eri,B9.5V,78,78,-4,412
91Lam Cet,B6III,123,123,27,413
7Eri,M2III,179,180,-12,414
8Rho1Eri,K0II,69,69,-13,415
Eps For,G8/K0V,19,20,-15,416
49Ari,A3m,40,41,28,417
The Hyi,B8III/IV,34,34,-149,418
Menkar,M2III,53,54,5,419
93Cet,B7V,117,120,12,420
11Tau3Eri,A4V,17,17,-10,421
9Rho2Eri,K0II-III,56,57,-10,422
Mu  Hor,F0IV,15,15,-37,423
10Rho3Eri,A8V,28,29,-5,424
23Gam Per,G8III+...,30,32,59,425
25Rho Per,M3IIIvar,50,53,59,426
52Ari,B7Vn,103,108,70,427
53Ari,B1.5V,166,177,78,428
Algol,B8V,14,15,18,429
54Ari,M0III,151,162,75,430
Iot Per,G0V,4,5,8,431
27Kap Per,K0III,16,18,24,432
55Ari,B8III,191,208,157,433
28Ome Per,K1III,45,50,56,434
57Del Ari,K2IIIvar,32,36,17,435
Alp For,F8V,8,9,-6,436
56Ari,B9p Si,91,101,70,437
94Cet,F8V,15,16,0,438
58Zet Ari,A1V,49,56,28,439
13Zet Eri,A5m,21,25,-5,440
Iot Hyi,F4III,4,4,-28,441
14Eri,F1V,22,25,-5,442
Zet1Ret,G2V,3,4,-10,443
30Per,B8V...,104,122,155,444
Zet2Ret,G1V,3,4,-10,445
15Eri,K0III,46,55,-29,446
95Cet,K1IV,43,51,-1,447
29Per,B3V,80,95,150,448
31Per,B5V,71,84,131,449
96Kap1Cet,G5Vvar,5,6,0,450
16Tau4Eri,M3/M4III,55,66,-34,451
82 G. Eri,G8V,2,3,-4,452
59Ari,G8IV,38,45,30,453
60Ari,K3III:,52,63,39,454
97Kap2Cet,G8.5III,63,75,6,455
61Tau1Ari,B5IV,92,111,56,456
32Per,A3V,21,25,31,457
62Ari,G5III,152,185,125,458
63Tau2Ari,K3III,57,70,34,459
64Ari,K4III,36,45,26,460
Mirphak,F5Ib,62,77,118,461
65Ari,A1V,56,69,33,462
1Omi Tau,G8III,55,68,13,463
Chi1For,A1IV,54,68,-63,464
2Xi  Tau,B9Vn,39,49,10,465
Chi2For,K2III,69,89,-81,466
Chi3For,A1V,56,73,-66,467
66Ari,K0IV,36,46,24,468
34Per,B3V,65,84,125,469
Kap Ret,F5IV-V,6,7,-19,470
4Tau,A0Vn,65,86,21,471
35Sig Per,K3III,44,58,81,472
17Eri,B9Vs,74,98,-10,473
5Tau,K0II-III...,61,81,23,474
36Per,F4IIIvar,15,20,26,475
6Tau,B9IV,63,84,17,476
18Eps Eri,K2V,1,2,0,477
19Tau5Eri,B9V,49,67,-33,478
7Tau,A3V,71,96,54,479
20Eri,B8/B9III,83,115,-44,480
37Psi Per,B5Ve,69,96,133,481
10Tau,F9V,8,11,0,482
Tau For,A0V,60,84,-55,483
21Eri,K1V,19,27,-3,484
12Tau,G6III:,65,93,6,485
22Eri,B9IIIp Si,86,124,-13,486
11Tau,A2IV,75,108,62,487
Del For,B5III,124,181,-137,488
13Tau,B9Vn,87,128,55,489
40Per,B0.5V,151,221,180,490
39Del Per,B5III SB,59,87,117,491
23Del Eri,K0IV,5,7,-1,492
14Tau,G8III,66,98,42,493
Bet Ret,K0IV SB,7,10,-27,494
38Omi Per,B1III,162,241,183,495
24Eri,B7V,111,166,-4,496
16Tau,B7IV,58,87,47,497
17Tau,B6III,62,94,50,498
25Eri,K4III,67,100,0,499
18Tau,B8V,63,94,52,500
41Nu  Per,F5IIvar,69,104,115,501
19Tau,B6V,63,95,51,502
29Tau,B3V,90,135,17,503
20Tau,B8III,59,89,48,504
21Tau,B8V,57,86,47,505
22Tau,A0Vn,58,88,48,506
26Pi  Eri,M1III,79,120,-30,507
23Tau,B6IV,58,88,47,508
Sig For,A2V,48,73,-49,509
27Tau6Eri,F3/F5V,8,13,-6,510
Gam Hyi,M2III,9,14,-63,511
Alcyone,B7III,61,94,50,512
28Tau7Eri,A1V,38,58,-31,513
Rho For,G6III,38,59,-41,514
30Tau,B3V,74,114,26,515
27Tau,B8III,57,90,47,516
28Tau,B7p,57,89,47,517
42Per,A3V,37,58,44,518
Gam Cam,A2IVn,18,29,104,519
31Tau,B5V,125,201,27,520
30Eri,B8+...,94,151,-16,521
33Tau8Eri,B5V,55,89,-48,522
44Zet Per,B1Ib,102,166,121,523
32Eri,G8III,49,81,-4,524
43Per,F5IV,12,20,28,525
32Tau,F2IV,20,33,16,526
33Tau,B9.5IV,98,164,82,527
45Eps Per,B0.5V,76,129,125,528
Zaurak,M1IIIb Ca-1,30,52,-14,529
Del Ret,M2III,38,66,-141,530
46Xi  Per,O7.5Iab:,156,267,223,531
36Tau9Eri,Ap Si,45,79,-40,532
35Lam Tau,B3V + A,72,125,32,533
Gam Ret,M4III,33,58,-127,534
Iot Ret,K4III,23,41,-85,535
35Eri,B5V,62,110,-3,536
38Nu  Tau,A1V,17,31,3,537
40Tau,B3V,95,170,18,538
36Tau,G0III...,153,277,141,539
37Tau,K0III,25,46,21,540
39Tau,G5V,7,13,6,541
47Lam Per,A0IVn,39,72,99,542
41Tau,B9p Si,54,100,59,543
42Psi Tau,F1V,11,21,13,544
49Per,K1III,16,30,26,545
50Per,F7V,7,14,12,546
48Per,B3Ve,45,86,108,547
43Ome1Tau,K2III,38,72,29,548
37Eri,G8III,49,94,-12,549
44Tau,F2IV-V,25,50,28,550
Del Hor,A9V,18,36,-36,551
45Tau,F4V,16,32,3,552
38Omi1Eri,F2II-III,16,33,-4,553
46Tau,F3V...,16,32,4,554
47Tau,G5III,44,89,16,555
Alp Hor,K1III,11,23,-23,556
39Eri,K3III,32,65,-13,557
Alp Ret,G7III,10,20,-43,558
52Per,G5II comp,98,198,189,559
51Mu  Per,G0Ib...,81,164,206,560
40Omi2Eri,K1V,2,4,0,561
49Mu  Tau,B3IV,60,123,21,562
48Tau,F5Vvar,19,39,12,563
Gam Dor,F4III,5,11,-16,564
Eps Ret,K2IV,4,8,-15,565
50Ome2Tau,A3m,11,24,10,566
The Ret,B+...,27,57,-126,567
41Ups4Eri,B9V,19,40,-30,568
Del Men,K2/K3III+..,9,19,-127,569
51Tau,F0V,21,45,19,570
53Tau,B9IV,32,69,29,571
56Tau,A0p Si,39,84,37,572
54Gam Tau,G8III,20,43,13,573
57Tau,F3V...,18,40,11,574
52Phi Tau,K1III,36,79,45,575
54Per,G8III,23,49,37,576
58Tau,F0V,19,41,12,577
Nu  Men,F0/F2III,3,6,-51,578
53Per,B4IV,44,97,112,579
Eta Ret,G7III,21,48,-105,580
60Tau,A3m,17,39,10,581
59Chi Tau,B9V,33,73,38,582
61Del1Tau,G8III,18,41,14,583
63Tau,A1m,19,43,14,584
42Xi  Eri,A2V,26,58,-4,585
66Tau,A3V,48,109,19,586
62Tau,B3V,103,231,114,587
43Eri,K4III,30,68,-50,588
64Del2Tau,A7V,19,43,14,589
55Per,B8V,46,103,77,590
56Per,F4V,13,30,22,591
65Kap1Tau,A7IV-V,17,39,17,592
67Kap2Tau,A7V,16,38,17,593
68Del3Tau,A2IV,17,39,14,594
70Tau,F7V,18,41,12,595
69Ups Tau,A8Vn,17,39,18,596
71Tau,F0V...,18,43,13,597
73Pi  Tau,G8III,48,113,32,598
72Tau,B7V,41,98,45,599
76Tau,F0IV,21,51,14,600
75Tau,K2IIIvar,21,50,16,601
77The1Tau,G7III,17,41,13,602
74Eps Tau,K0III,16,39,14,603
78The2Tau,A7III,17,40,12,604
79Tau,A7V,18,43,11,605
80Tau,F0V...,16,40,12,606
83Tau,F0V,16,40,10,607
81Tau,Am,16,40,12,608
Del Cae,B2IV-V,57,141,-152,609
85Tau,F4V...,16,40,12,610
45Eri,K3II-III,75,186,0,611
1Cam,B0III SB,22058,54618,80810,612
57Per,F0V,15,40,40,613
50Ups1Eri,K0III,12,31,-19,614
86Rho Tau,A8V,17,43,12,615
46Eri,B9p Si,92,234,-29,616
Alp Dor,A0V:,10,27,-42,617
47Eri,M3III,110,280,-43,618
52Ups2Eri,G8III,20,52,-33,619
88Tau,A5m,16,43,8,620
Aldebaran,K5III,7,18,5,621
48Nu  Eri,B2III SB,73,193,-12,622
58Per,G8II comp,65,171,161,623
51Eri,F0V,10,27,-1,624
89Tau,F0V,16,44,13,625
90Tau,A6V,16,43,10,626
53Eri,K1III,11,30,-8,627
91Sig1Tau,A4m,14,40,12,628
92Sig2Tau,A5Vn,15,43,13,629
3Cam,K0III SB,26,73,103,630
2Cam,A8V,9,24,35,631
93Tau,B8IV,42,117,26,632
54Eri,M3/M4III,36,100,-38,633
Alp Cae,F2V,5,14,-13,634
Bet Cae,F3V,7,21,-17,635
94Tau Tau,B3V,37,106,47,636
Lam Pic,K0/K1III,24,68,-88,637
59Per,A1Vn,17,50,50,638
Mu  Men,B9IV,16,46,-142,639
95Tau,F7IV-V,14,41,19,640
55Eri,F4IIIp (Sr),211,610,-99,641
56Eri,B2Ve,32162,93524,-14787,642
Kap Dor,A8/A9III/IV,10,31,-57,643
57Mu  Eri,B5IV,51,151,-9,644
58Eri,G3V,3,12,-3,645
Zet Cae,K0III,35,108,-65,646
4Cam,A3m,8,27,44,647
59Eri,F8V,12,38,-11,648
96Tau,K3III,96,305,91,649
1Pi 3Ori,F6V,2,7,0,650
60Eri,K0III,20,66,-20,651
2Pi 2Ori,A1Vn,20,64,10,652
Iot Pic,F0IV...,7,23,-33,653
Iot Pic,F0IV,6,21,-30,654
3Pi 4Ori,B2III SB,94,306,31,655
97Tau,A7IV-V,14,46,16,656
4Omi1Ori,M3Sv,56,185,49,657
2Aur,K3III,42,141,110,658
61Ome Eri,A9IV,20,68,-6,659
5Ori,M1III,51,173,7,660
9Alp Cam,O9.5Ia SB:,11388,38476,91596,661
8Pi 5Ori,B2III SB,116,394,17,662
6Ori,A3V,19,65,13,663
7Pi 1Ori,A0V,9,33,6,664
5Cam,B9.5V,30,104,156,665
Eta Men,K6III,14,51,-197,666
9Omi2Ori,K2III,15,53,13,667
62Eri,B6V,62,217,-20,668
Hassaleh,K3IIvar,34,121,82,669
7Cam,A1V,18,64,91,670
99Tau,G8III:,34,122,56,671
98Tau,A0V,21,76,36,672
10Pi 6Ori,K2IIvar,76,279,8,673
Xi  Men,G8III,3,14,-112,674
4Ome Aur,A1V,10,39,32,675
8Cam,K4III,27,102,141,676
63Eri,G4V,13,51,-9,677
64Eri,F0V,22,83,-19,678
5Aur,F5V,11,44,37,679
6Aur,K4Iab:,66,250,214,680
65Psi Eri,B3V,56,217,-28,681
7Eps Aur,F0Ia,118,456,452,682
8Zet Aur,K4II comp,45,175,158,683
Bet Men,G8III,19,75,-230,684
1Lep,K1IV,32,128,-55,685
Eta1Pic,F2V,4,16,-19,686
102Iot Tau,A7V,12,47,19,687
10Bet Cam,G0Ib,32,127,232,688
Gam1Cae,K2III,10,43,-32,689
Gam2Cae,F2IV/V,19,77,-57,690
11Ori,A0p Si,25,104,29,691
Eta2Pic,M2IIIvar,20,85,-103,692
2Eps Lep,K4III,14,58,-24,693
Zet Dor,F7V,1,6,-9,694
11Cam,B2.5Ve,25,105,180,695
12Cam,K0III,26,109,187,696
10Eta Aur,B3V,12,54,49,697
9Aur,F0V,3,15,20,698
66Eri,B9.5V,21,91,-7,699
104Tau,G4V,3,14,4,700
13Ori,G1IV,6,26,4,701
106Tau,A5V,12,53,20,702
Cursa,A3IIIvar,6,26,-2,703
14Ori,Am,14,62,9,704
105Tau,B2Ve,69,299,122,705
103Tau,B2V...,93,407,188,706
68Eri,F2V,5,24,-1,707
69Lam Eri,B2IVn,54,239,-37,708
16Ori,A2m,11,52,9,709
15Ori,F2IV,34,155,44,710
Kapteyn's Star,M0V,0,2,-2,711
3Iot Lep,B8V,14,68,-14,712
5Mu  Lep,B9IV: HgMn,11,53,-15,713
4Kap Lep,B7V,44,213,-49,714
17Rho Ori,K3III...,21,104,5,715
11Mu  Aur,A4m,7,35,29,716
14Cam,A7Vn,7,35,70,717
The Dor,K2III,11,57,-138,718
Rigel,B8Ia,51,256,-37,719
14Aur,A9IV,14,72,47,720
108Tau,A2V,38,194,81,721
18Ori,A0V,25,130,26,722
Capella,M1: comp,1,8,9,723
Omi Col,K0/K1III/IV,4,26,-18,724
20Tau Ori,B5III,27,147,-18,725
16Aur,K3III...,10,58,39,726
17Aur,B9.5V,18,99,67,727
15Lam Aur,G0V,1,9,8,728
21Ori,F5IIvar,10,60,2,729
109Tau,G8III,12,69,28,730
Zet Pic,F7III-IV,3,22,-27,731
18Aur,A7V,10,55,38,732
15Cam,B5V,22,125,204,733
6Lam Lep,B0.5IV,44,250,-59,734
7Nu  Lep,B7/B8V,17,98,-21,735
19Aur,A5IIvar,91,520,355,736
22Ori,B2IV-V,47,280,-1,737
20Rho Aur,B5V,20,119,108,738
Kap Pic,B8/B9V,17,106,-161,739
23Ori,B1V,76,469,29,740
22Aur,B9Vs,22,140,78,741
16Cam,A0Vn,8,54,86,742
8Lep,B2IV,77,484,-121,743
110Tau,A2IV,18,118,35,744
29Ori,G8III,7,47,-6,745
111Tau,F8V SB,2,13,4,746
28Eta Ori,B1V + B2,46,295,-12,747
27Ori,K0III,8,56,0,748
21Sig Aur,K4III,17,112,86,749
25Psi1Ori,B1V:pe,48,314,10,750
The Pic,A0V,14,94,-124,751
Bellatrix,B2III,11,76,8,752
113Tau,B2Vn,25,170,51,753
Alnath,B7III,5,35,19,754
Lam Dor,G6III,10,71,-120,755
30Psi2Ori,B2IV,50,344,18,756
115Tau,B5V,22,158,51,757
114Tau,B2.5IV,25,175,71,758
24Phi Aur,K4IIIp,16,113,78,759
116Tau,B9.5Vn,17,123,35,760
117Tau,M1III,24,177,55,761
Nihal,G5II,6,45,-17,762
118Tau,B9Vn,15,116,55,763
31Ori,K5III,20,154,-2,764
17Cam,M1III,16,129,256,765
32Ori,B5V,11,91,9,766
10Lep,A0V,9,77,-29,767
Eps Col,K1II/III,8,65,-46,768
33Ori,B1.5V,43,345,20,769
Gam Men,K4III,0,7,-30,770
36Ups Ori,B0V,106,863,-111,771
Mintaka,O9.5II,25,210,-1,772
119Tau,M2Ib,62,516,175,773
18Cam,F8V,2,22,35,774
25Chi Aur,B5Iab,10046,84028,53275,775
Arneb,F0Ib,76,643,-208,776
120Tau,B2IV-Ve,52,448,151,777
Bet Dor,F6Ia,16,141,-273,778
35Ori,B3V,15,131,33,779
38Ori,A2V,9,83,5,780
37Phi1Ori,B0IV...,36,326,54,781
39Lam Ori,O...,35,329,58,782
41The1Ori,O7,10724,98978,-9388,783
41The1Ori,O6pe,10720,98979,-9392,784
41The1Ori,B0.5Vp...,10714,98979,-9389,785
43The2Ori,O9.5Vpe,50,469,-44,786
42Ori,B2III...,28,268,-22,787
Hatsya,O9III,76,706,-73,788
121Tau,B2.5IV,16,153,69,789
Iot Men,B8III,5,50,-256,790
45Ori,F0III,11,109,-9,791
Alnilam,B0Ia,62,602,-12,792
40Phi2Ori,G8III-IV,3,35,5,793
122Tau,F0V,4,46,14,794
Pi  Men,G3IV,0,3,-18,795
19Cam,A0V,4,48,100,796
Nu 1Col,F0IV,3,34,-18,797
123Zet Tau,B4IIIp,12,126,49,798
Nu 2Col,F5V,3,35,-19,799
26Aur,A2V + GIII,13,148,88,800
48Sig Ori,O9.5V...,30,327,-14,801
49Ori,A4V,4,44,-5,802
47Ome Ori,B3IIIe,38,420,30,803
Phakt,B7IV,5,66,-44,804
125Tau,B3IV,10,117,57,805
Alnitak,O9.5Ib SB,18,224,-7,806
126Tau,B3IV...,15,186,55,807
12Lep,A2/A3V,21,281,-116,808
51Ori,K1III,6,89,2,809
24Cam,K0III,2,32,49,810
23Cam,G5III:,3,52,97,811
13Gam Lep,F7V,0,8,-3,812
Del Dor,A7V,1,18,-41,813
27Omi Aur,A0p...,5,81,96,814
Mu  Col,B1IV/V,21,344,-218,815
26Cam,A4Vn,1,33,50,816
129Tau,B8IIIMNp...,12,216,61,817
14Zet Lep,A2Vann,1,20,-5,818
131Tau,A3Vn,5,100,26,819
Bet Pic,A3V,0,12,-15,820
130Tau,F0III,28,519,166,821
133Tau,B2IV-V,10,188,46,822
Saiph,B0.5Iavar,10,195,-33,823
Lam Men,K0III,2,41,-132,824
52Ori,A5V,8,163,18,825
132Tau,G8IIIvar,4,101,46,826
29Tau Aur,G8III,2,49,40,827
134Tau,B9IV,3,74,16,828
Gam Pic,K1III,1,30,-45,829
Eps Dor,B6V,3,69,-161,830
Kap Men,B9.5V,0,16,-85,831
135Tau,G9III:,3,93,23,832
29Cam,A4IV-V,3,79,122,833
Bet Col,K1.5III,0,21,-15,834
31Ups Aur,M1III,4,127,97,835
15Del Lep,G8III/IV,1,32,-12,836
55Ori,B2IV-V,12,318,-42,837
32Nu  Aur,K0III,2,54,44,838
30Cam,A0Vs,2,76,127,839
137Tau,B9p...,4,126,31,840
56Ori,K2IIvar,12,385,12,841
Lam Col,B5V,2,85,-57,842
136Tau,A0V,3,114,60,843
54Chi1Ori,G0V,0,8,3,844
30Xi  Aur,A2V,0,41,60,845
57Ori,B2V,11,525,188,846
31Cam,A2V,1,72,124,847
Betelgeuse,M2Ib,3,151,19,848
Xi  Col,K1IIICN...,1,81,-61,849
Sig Col,F2III,6,435,-265,850
16Eta Lep,F1V,0,14,-3,851
Gam Col,B2.5IV,2,217,-154,852
139Tau,B1Ib,3,428,208,853
59Ori,A5me del Del,0,111,3,854
60Ori,A1Vs,0,136,1,855
1Mon,F2IV,0,89,-14,856
2Mon,A6m,0,86,-14,857
Eta Col,K0III,0,106,-98,858
33Del Aur,K0III,0,22,31,859
Menkalinan,A2V,0,17,17,860
37The Aur,A0p Si,0,40,30,861
35Pi  Aur,M3IIvar,0,160,165,862
36Aur,B9.5p SiFe,-1,237,263,863
3Mon,B5III,-1,236,-44,864
61Mu  Ori,Am...,0,46,7,865
38Aur,K0III,0,47,44,866
64Ori,B8V,-3,207,74,867
62Chi2Ori,B2Iavar,-8,518,190,868
1Gem,G7III,0,43,18,869
63Ori,G7III:,-8,399,37,870
66Ori,G4III,-2163,99713,7251,871
17Lep,Ap shell,-5,267,-79,872
39Aur,F3V,0,36,33,873
18The Lep,A0V,-1,51,-13,874
Eta1Dor,A0V,-1,40,-90,875
40Aur,A4m,-2,81,65,876
Pi 1Col,Am,-1,61,-56,877
The Col,B8:IV,-5,176,-133,878
67Nu  Ori,B3IV,-5,152,40,879
19Lep,M1III,-8,242,-84,880
Pi 2Col,A0V,-1,55,-49,881
Nu  Dor,B8V,-1,33,-85,882
3Gem,B2.5Ib,-3904,91889,39255,883
37Cam,G8III,-2,60,100,884
Alp Men,G5V,0,2,-9,885
Del Pic,B0.5IV,-10,228,-326,886
Eta2Dor,M2.5III,-3,81,-178,887
5Gem,K0III,-7,158,72,888
41Aur,A3V+...,-3,67,76,889
70Xi  Ori,B3IV,-9,180,45,890
68Ori,B9.5V,-12,239,86,891
69Ori,B5Vn,-8,155,45,892
6Gem,M1Ia-ab,-4948,91979,38926,893
36Cam,K2II-III,-5,90,199,894
71Ori,F6V,-1,19,6,895
5Gam Mon,K3III,-9,151,-16,896
7Eta Gem,M3III,-7,108,45,897
44Kap Aur,G8IIIvar,-3,47,26,898
72Ori,B7V,-10,153,44,899
40Cam,K3III,-5,75,130,900
73Ori,B9II-III,-23,347,77,901
8Gem,G8III,-8,124,55,902
74Ori,F5IV-V,-1,18,4,903
Kap Col,G8II,-3,45,-32,904
9Gem,B3Ia,-6775,91286,40260,905
75Ori,A2V,-5,67,11,906
42Aur,F0V,-3,48,51,907
6Mon,F0e...,-32,416,-79,908
1Lyn,M3III,-7,93,172,909
43Aur,K2III,-6,83,87,910
2Lyn,A2Vs,-2,24,41,911
7Mon,B2.5V,-22,263,-36,912
Red Rectangle,B8,-37,431,-81,913
1Zet CMa,B2.5V,-8,95,-55,914
45Aur,F5III...,-3,35,47,915
4Lyn,A3V,-7,77,130,916
Del Col,G7II,-5,59,-39,917
Pi 1Dor,K5III,-6,64,-178,918
Mirzam,B1II/III,-14,142,-46,919
Nu  Pic,Am,-2,26,-40,920
13Mu  Gem,M3IIIvar,-6,65,27,921
8Eps Mon,A5IV,-3,37,3,922
Canopus,F0Ib,-5,57,-75,923
46Psi1Aur,K5Iabvar,-7072,64841,75799,924
Pi 2Dor,G8III,-3,28,-77,925
5Lyn,K4III,-11,99,163,926
16Gem,A2Vs,-16,132,49,927
10Mon,B2V,-40,329,-27,928
Lam CMa,B4V,-13,108,-69,929
48Aur,F5.5Ibv,-10713,85500,50743,930
11Bet Mon,B3Ve,-25,204,-25,931
18Nu  Gem,B6III,-19,155,57,932
47Aur,K4III,-16,127,136,933
6Lyn,K0IV,-3,29,47,934
19Gem,A8V,-17,128,36,935
4Xi 1CMa,B1III,-53,385,-168,936
Mu  Pic,B9V,-16,119,-198,937
12Mon,K0V,-24,170,14,938
13Mon,A0Ib,-14190,98161,12763,939
7Lyn,K0III:,-25,166,243,940
14Mon,A0Vs,-17,113,15,941
5Xi 2CMa,A0III,-18,123,-52,942
49Aur,A0Vnn,-15,98,53,943
6Nu 1CMa,G8/K0III+..,-16,100,-34,944
7Nu 2CMa,K1III+...,-2,18,-6,945
11Lyn,A2V,-9,54,85,946
8Lyn,G8IV-V,-4,24,45,947
Alhena,A0IV,-5,31,9,948
Nu  Pup,B8III SB,-13,81,-77,949
8Nu 3CMa,K0II/III,-20,121,-40,950
53Aur,B9npe...,-15,91,51,951
51Aur,K5III,-19,114,95,952
52Psi3Aur,B8III,-54,317,269,953
50Psi2Aur,K3III,-16,92,86,954
54Aur,B7III,-39,224,122,955
Zet Men,A5III,-3,19,-125,956
15Mon,O7,-49,273,48,957
25Gem,G5Ib,-100,548,299,958
26Gem,A2V,-7,40,13,959
55Psi4Aur,K5III,-13,69,69,960
27Eps Gem,A3mA6-A9,-44,230,110,961
30Gem,K1III,-16,84,20,962
10CMa,B2V,-16517,84045,-51609,963
28Gem,K4III,-24,125,70,964
Sirius,A0m...,0,2,0,965
31Xi  Gem,F5IV,-3,17,4,966
32Gem,A9III,-170,838,192,967
12Lyn,A3V,-6,32,56,968
16Mon,B2.5V,-52,254,39,969
56Psi5Aur,G0V,-2,11,11,970
13Lyn,K0III,-7,34,54,971
11CMa,B8/B9III,-47,231,-60,972
12CMa,B7II/III,-45,220,-86,973
17Mon,K4III,-30,146,21,974
57Psi6Aur,K1III,-15,71,83,975
18Mon,K0III,-23,110,4,976
Alp Pic,A7IV,-2,13,-26,977
33Gem,B7III,-54,246,73,978
13Kap CMa,B1.5IVne,-36,166,-108,979
Tau Pup,K0III...,-7,34,-43,980
35Gem,K3III,-114,513,125,981
58Psi7Aur,K3III,-19,84,77,982
42Cam,B4IV,-23,105,261,983
Iot Vol,B7IV,-12,54,-163,984
36Gem,A2V,-31,136,55,985
34The Gem,A3III,-10,46,32,986
59Aur,F2V,-26,114,94,987
14Lyn,G4III...,-17,73,128,988
60Aur,F5V:,-12,53,43,989
15CMa,B1Ib,-81,340,-128,990
43Cam,B7III,-25,105,280,991
61Psi8Aur,B9.5sp...,-41,174,142,992
16Omi1CMa,K3Iab,-21346,88690,-40967,993
14The CMa,K4III,-18,76,-16,994
38Gem,F0Vp,-5,24,5,995
17CMa,A2V,-34,140,-53,996
37Gem,G0V,-3,15,7,997
19Pi  CMa,F2IV/V,-6,26,-10,998
18Mu  CMa,B9.5V,-89,359,-92,999
20Iot CMa,B3Ib/II,-178,713,-225,1000
Psi9Aur,B8III,-65,258,279,1001
The Men,B9.5V,-4,19,-106,1002
15Lyn,G5III-IV,-7,27,46,1003
16Lyn,A2Vn,-12,50,52,1004
Adhara,B2II,-27,105,-60,1005
39Gem,F8Vbwvar,-10,41,20,1006
62Aur,K2III,-51,195,158,1007
40Gem,B8III,-84,318,160,1008
41Gem,K3Ib,-24976,92785,27696,1009
22Sig CMa,K4III,-80,292,-160,1010
42Ome Gem,G5II,-112,401,187,1011
19Mon,B1V,-100,358,-27,1012
24Omi2CMa,B3Ia,-210,746,-342,1013
23Gam CMa,B8II,-35,125,-36,1014
43Zet Gem,G3Ibv SB,-109,379,148,1015
44Gem,B8Vn,-31,108,47,1016
45Gem,G8III,-27,90,27,1017
Wezen,F8Ia,-129,421,-218,1018
Gam1Vol,F2,-4,15,-46,1019
Gam2Vol,G8IIIvar,-4,13,-40,1020
20Mon,K0III,-18,59,-4,1021
46Tau Gem,K2III,-25,80,49,1022
47Gem,A4IV,-32,101,53,1023
21Mon,F2V,-26,82,0,1024
63Aur,K4II-III,-35,109,94,1025
22Del Mon,A2V,-36,112,-1,1026
26CMa,B2IV/V,-71,219,-112,1027
48Gem,F5IV,-31,95,44,1028
51Gem,K3V,-50,151,46,1029
27CMa,B3III,-151,451,-236,1030
52Gem,M1IIIvar,-26,79,38,1031
28Ome CMa,B2IV/Ve,-79,236,-125,1032
24Mon,G5III,-44,131,0,1033
18Lyn,K2III,-10,29,52,1034
53Gem,M1III,-67,197,110,1035
Del Vol,F6II,-27,80,-209,1036
Pi  Pup,K3Ib,-65,186,-149,1037
64Aur,A5Vn,-21,60,55,1038
54Lam Gem,A3V...,-9,27,8,1039
29CMa,O7f,-179,500,-243,1040
30Tau CMa,O9Ib,-280,783,-387,1041
55Del Gem,F0IV...,-5,16,6,1042
56Gem,M0III,-44,119,47,1043
65Aur,K0III,-20,54,43,1044
47Cam,A8m,-13,34,63,1045
19Lyn,B9V,-20141,53269,82198,1046
19Lyn,B8V,-20147,53271,82195,1047
58Gem,A1V,-28,75,34,1048
57Gem,G8III,-15,41,20,1049
Aludra,B5Ia,-190,496,-298,1050
66Aur,K0III,-100,262,241,1051
59Gem,F0:III:,-18,47,26,1052
1CMi,A5IV,-34,88,19,1053
Eps Men,K2/K3III,-9,25,-140,1054
2Eps CMi,G8III,-115,293,51,1055
60Iot Gem,G9III+...,-11,30,17,1056
21Lyn,A1V,-20,50,63,1057
61Gem,F2Vn,-47,119,47,1058
Gomeisa,B8Vvar,-18,45,7,1059
Luyten's Star,M5,-1,3,0,1060
63Gem,F5IV-V...,-11,27,11,1061
5Eta CMi,F0III,-36,89,11,1062
4Gam CMi,K3III SB,-36,89,15,1063
62Rho Gem,F0V...,-5,14,9,1064
Sig Pup,K5III SB,-16,39,-40,1065
64Gem,A4V,-18,44,25,1066
6CMi,K2III,-65,158,36,1067
65Gem,K2III,-50,121,69,1068
22Lyn,F6V,-5,12,15,1069
7Del1CMi,F0III,-91,214,7,1070
8Del2CMi,F2V,-16,38,2,1071
68Gem,A1Vn,-49,114,35,1072
9Del3CMi,A0Vnn,-70,161,10,1073
Castor,A2Vm,-5,12,8,1074
69Ups Gem,K5III,-30,67,37,1075
25Mon,F6III,-27,61,-4,1076
70Gem,K0III,-38,84,65,1077
71Omi Gem,F3III,-17,38,28,1078
Procyon,F5IV-V,-1,3,0,1079
74Gem,M0III,-64,139,48,1080
23Lyn,K5III,-49,105,179,1081
26Alp Mon,K0III,-19,40,-7,1082
Zet Vol,K0III,-5,11,-41,1083
24Lyn,A3IVn,-18,38,69,1084
75Sig Gem,K1III SB,-14,30,18,1085
1Pup,K5III,-90,187,-112,1086
3Pup,A2Iab,-38291,78676,-48411,1087
76Gem,K5III,-76,157,84,1088
77Kap Gem,G8III,-17,35,17,1089
79Gem,A1V,-65,133,55,1090
Pollux,K0IIIvar,-4,8,4,1091
2Pup,A0/A1V,-42965,86667,-25352,1092
2Pup,A6/A7,-33,67,-19,1093
4Pup,F2V,-31,62,-18,1094
81Gem,K5III,-44,88,33,1095
11CMi,A1Vnn,-40,81,17,1096
49Cam,F0p SrEu,-19,39,86,1097
51Cam,K2III:,-18,37,91,1098
80Pi  Gem,M0III,-76,151,111,1099
5Pup,F5+...,-12,24,-6,1100
Omi Pup,B1IV:nne,-177,348,-190,1101
82Gem,G2III+...,-101,197,94,1102
7Xi  Pup,G6Ia,-153,296,-154,1103
6Pup,K3III,-34,66,-23,1104
8Pup,F3IV,-34,65,-16,1105
13Zet CMi,B8II,-89,168,5,1106
9Pup,G2V,-7,14,-3,1107
10Pup,F2IV/V,-152,285,-85,1108
83Phi Gem,A3V,-28,53,30,1109
25Lyn,K2III:,-80,146,181,1110
26Lyn,K4III,-83,152,190,1111
85Gem,A0Vs,-52,94,39,1112
Chi Car,B3IVp,-40,73,-111,1113
11Pup,F7/F8II,-71,128,-62,1114
1Cnc,K3III,-67,119,38,1115
14CMi,K0III,-36,64,2,1116
12Pup,G8II,-120,210,-104,1117
27Mon,K2III,-41,72,-5,1118
3Cnc,K3III,-116,200,72,1119
2Ome1Cnc,G8III:,-92,158,87,1120
28Mon,K4III,-69,119,-3,1121
5Cnc,B9.5Vn,-80,136,46,1122
53Cam,A2p...,-24,42,85,1123
4Ome2Cnc,A1V,-66,113,61,1124
Chi Gem,K2III,-35,59,36,1125
Naos,O5IAf,-130,218,-213,1126
14Pup,B3III,-198,327,-137,1127
8Cnc,A1V,-33,54,14,1128
9Mu 1Cnc,M3III,-110,179,87,1129
28Lyn,A1V,-74,119,132,1130
15Rho Pup,F2mF5IIp,-9,15,-8,1131
10Mu 2Cnc,G2IV,-11,18,8,1132
Eps Vol,B6IV,-33,53,-160,1133
27Lyn,A2V,-25,40,60,1134
29Zet Mon,G2Ib,-172,274,-16,1135
12Cnc,F3V,-41,65,18,1136
16Pup,B5V,-71,113,-47,1137
Gam2Vel,WC8 + O9I,-124,195,-251,1138
14Psi Cnc,G8IV,-20,31,17,1139
18Pup,F7V,-11,18,-5,1140
19Pup,K0III,-28,44,-12,1141
16Zet2Cnc,G0V,-13,20,7,1142
15Cnc,B9p SiCr,-99,152,103,1143
20Pup,G5Ib/II,-141,214,-72,1144
17Bet Cnc,K4III,-51,76,14,1145
21Pup,A1V,-148,217,-76,1146
29Lyn,A7IV,-26,38,79,1147
Alp Cha,F5III,-2,3,-19,1148
Kap1Vol,B9III/IV,-24,34,-126,1149
Kap2Vol,A0p,-23,33,-121,1150
18Chi Cnc,F6V,-9,13,8,1151
30Lyn,F4V,-9,14,27,1152
19Lam Cnc,B9.5V,-73,104,57,1153
The Cha,K0III-IV,-5,8,-46,1154
Eta Vol,A0/A1IV/V,-19,27,-111,1155
Avior,K3III+B2V,-54,76,-159,1156
22Pup,K0III,-71,99,-28,1157
31Lyn,K5III,-49,69,80,1158
20Cnc,A9V,-65,90,37,1159
21Cnc,M2III,-157,216,50,1160
1Hya,F3V,-15,21,-1,1161
Bet Vol,K2IIIvar,-7,10,-30,1162
25Cnc,F6V,-25,34,13,1163
2Hya,A5III-IV,-29,40,-3,1164
22Phi1Cnc,K5III,-60,81,53,1165
24Cnc,F0III,-43,58,33,1166
27Cnc,M3III,-161,216,60,1167
23Phi2Cnc,A3V+...,-45,60,38,1168
28Cnc,F0Vn,-75,99,55,1169
29Cnc,A5V,-61,81,25,1170
1Omi UMa,G4II-III,-16,21,47,1171
30Ups1Cnc,F0IIIn,-42,55,31,1172
31The Cnc,K5III,-74,95,39,1173
34Cnc,A1V,-100,127,28,1174
33Eta Cnc,K3III,-52,67,31,1175
32Ups2Cnc,G9III,-96,122,69,1176
32Lyn,F5Vbwvar,-18,23,22,1177
2UMa,A2m,-12,15,42,1178
33Lyn,A2Vnn,-54,68,64,1179
35Cnc,G0III,-119,148,68,1180
3Hya,A1spe...,-57,71,-12,1181
36Cnc,A3V,-93,114,25,1182
4Del Hya,A1Vnn,-31,37,4,1183
Eta Pyx,A0V,-40,49,-31,1184
37Cnc,A1V,-70,85,18,1185
5Sig Hya,K2III,-72,87,6,1186
The Vol,A0V,-15,18,-69,1187
3Pi 1UMa,G1.5Vb,-3,4,13,1188
Zet Pyx,G5III,-41,49,-36,1189
6Hya,K3III,-74,89,-25,1190
Bet Pyx,G5II/III,-66,79,-73,1191
39Cnc,K0III,-112,134,63,1192
4Pi 2UMa,K2III,-21,26,70,1193
41Eps Cnc,Am,-109,129,60,1194
34Lyn,G0IV,-24,29,39,1195
Eta Cha,B9IV,-11,13,-93,1196
9Hya,K0IIICN...,-40,47,-17,1197
45Cnc,A3V+...,-181,209,62,1198
7Eta Hya,B3V...,-117,135,10,1199
43Gam Cnc,A1IV,-33,39,20,1200
Alp Pyx,B1.5III,-147,170,-147,1201
47Del Cnc,K0III,-25,28,12,1202
Del Vel,A1V,-9,10,-20,1203
49Cnc,A1p...,-84,96,22,1204
10Hya,A6V,-42,48,6,1205
46Cnc,G5III,-102,116,92,1206
12Hya,G8III,-48,54,-17,1207
48Iot Cnc,G8II...,-49,56,41,1208
48Iot Cnc,G8Iab:,-59,66,48,1209
11Eps Hya,G0III-IV,-26,29,4,1210
50Cnc,A1V,-35,39,11,1211
13Rho Hya,A0Vn,-72,80,11,1212
14Hya,B9MNp...,-92,101,-8,1213
Gam Pyx,K3III,-38,41,-29,1214
54Cnc,G2IV,-25,27,10,1215
15Hya,A4m,-92,99,-17,1216
35Lyn,K0III,-40,42,56,1217
53Cnc,M3III,-163,174,128,1218
51Sig1Cnc,A8Vms,-37,39,34,1219
55Rho1Cnc,G8V,-7,7,5,1220
5UMa,F2III,-28,30,78,1221
57Cnc,G7III,-83,88,71,1222
16Zet Hya,G8III-IV,-35,36,5,1223
17Hya,A3,-60,63,-12,1224
Del Pyx,A3IV,-46,48,-35,1225
58Rho2Cnc,G8II-III,-91,94,69,1226
60Cnc,K5III,-145,150,42,1227
6UMa,G6III,-28,28,84,1228
Zet Oct,F0III,-2,2,-49,1229
59Sig2Cnc,A7IV,-34,35,32,1230
62Omi1Cnc,A5III,-30,31,12,1231
63Omi2Cnc,F0IV,-31,31,12,1232
61Cnc,F6V,-33,34,27,1233
65Alp Cnc,A5m,-39,40,11,1234
9Iot UMa,A7IV,-6,6,10,1235
64Sig3Cnc,G9III,-54,54,48,1236
66Cnc,A2V,-86,85,76,1237
67Cnc,A8Vn,-36,35,27,1238
Alp Vol,Am,-10,10,-35,1239
8Rho UMa,M3III,-26,25,89,1240
69Nu  Cnc,A0III,-78,76,49,1241
12Kap UMa,A1Vn,-53,51,80,1242
70Cnc,A1V,-124,119,91,1243
18Ome Hya,K2II-III,-198,188,24,1244
76Kap Cnc,B8IIIMNp,-116,109,30,1245
Lam Vel,K4Ib-II,-88,82,-114,1246
72Tau Cnc,G8III,-53,49,41,1247
Kap Pyx,K4/K5III,-113,105,-74,1248
11Sig1UMa,K5III,-45,42,146,1249
19Hya,B9.5III,-136,126,-28,1250
75Cnc,G5IV,-20,18,13,1251
15UMa,Am,-13,12,22,1252
77Xi  Cnc,K0III,-77,71,42,1253
20Hya,G8II,-107,98,-22,1254
Eps Pyx,A4IV,-41,37,-32,1255
79Cnc,G8III,-77,70,42,1256
13Sig2UMa,F7IV-V,-5,5,18,1257
14Tau UMa,Am,-12,11,34,1258
81Pi 1Cnc,G9V,-14,13,5,1259
21Hya,A3m,-64,57,-10,1260
Miaplacidus,A2IV,-8,8,-32,1261
36Lyn,B8IIIMNp,-97,86,122,1262
16UMa,F9V,-7,6,17,1263
22The Hya,B9.5V,-26,22,1,1264
82Pi 2Cnc,K1III,-135,118,48,1265
17UMa,K5III,-91,79,184,1266
18UMa,A5V,-15,13,29,1267
24Hya,B9III,-155,134,-31,1268
23Hya,K2III,-56,48,-8,1269
Tureis,A8Ib,-90,78,-201,1270
38Lyn,A1V,-23,19,22,1271
26Hya,G8III,-77,65,-21,1272
27Hya,F5V+...,-51,43,-11,1273
40Alp Lyn,M0IIIvar,-39,32,35,1274
The Pyx,M0III,-106,88,-67,1275
Kap Vel,B2IV,-77,63,-143,1276
Lam Pyx,G8III,-39,32,-28,1277
Iot Cha,F3/F5IV,-7,5,-57,1278
1Kap Leo,K2III,-43,34,27,1279
28Hya,K5III,-214,171,-24,1280
29Hya,A2V,-182,143,-37,1281
Alphard,K3III,-43,33,-8,1282
2Ome Leo,F9V,-25,20,5,1283
3Leo,K0III,-97,75,17,1284
31Tau1Hya,F6V,-13,10,0,1285
Eps Ant,K3III,-139,107,-127,1286
Psi Vel,F2IV,-11,8,-12,1287
7LMi,G8III:,-101,77,85,1288
Zet1Ant,A0,-83,64,-65,1289
23UMa,F0IV,-8,6,21,1290
Zet2Ant,A9IV,-79,60,-62,1291
8LMi,M1III,-95,72,84,1292
4Lam Leo,K5IIIvar,-74,56,39,1293
5Xi  Leo,K0IIIvar,-51,39,12,1294
6Leo,K3III,-120,90,25,1295
32Tau2Hya,A3V,-126,95,-3,1296
25The UMa,F6IV,-6,5,10,1297
9LMi,K4III:,-96,71,88,1298
Zet Cha,B5V,-22,16,-173,1299
10LMi,G8III,-36,27,33,1300
24UMa,G4III-IV,-8,6,29,1301
33Hya,K1III,-139,102,-17,1302
26UMa,A2V,-39,29,63,1303
22UMa,F7V,-12,8,46,1304
11LMi,G8IV-V,-7,5,6,1305
7Leo,A1V,-164,119,52,1306
8Leo,K1III,-277,199,100,1307
10Leo,K1IIIvar,-60,43,8,1308
34Hya,A1V,-104,74,-21,1309
42Lyn,F0V,-23,16,24,1310
37Hya,A0Vn,-247,173,-56,1311
35Iot Hya,K3IIIvar,-66,46,-1,1312
38Kap Hya,B4IV/V,-106,74,-33,1313
14Omi Leo,A5V+...,-32,22,6,1314
13Leo,K2III:,-125,86,73,1315
43Lyn,G8III,-67,46,68,1316
13LMi,F3V,-36,24,30,1317
27UMa,K0III,-36,25,139,1318
15Leo,A2IV,-35,23,24,1319
16Psi Leo,M2III,-150,101,45,1320
The Ant,A7V+...,-76,51,-48,1321
Ras Elased Australis,G0II,-57,38,30,1322
28UMa,F2V,-28,18,69,1323
Nu  Cha,G8III,-10,7,-55,1324
18Leo,K4III,-128,84,32,1325
Ups Car,A9,-155,101,-399,1326
19Leo,A7Vn,-69,45,16,1327
20Leo,A8IV,-150,96,69,1328
4Sex,F6V...,-37,23,3,1329
29Ups UMa,F0IV,-15,9,30,1330
23Leo,M0III,-304,191,83,1331
6Sex,A8III,-53,33,-4,1332
39Ups1Hya,G6/G8III,-66,41,-20,1333
22Leo,A5IV,-32,20,17,1334
30Phi UMa,A3IV,-77,48,126,1335
7Sex,A0Vs,-171,107,8,1336
8Gam Sex,A2V,-71,44,-11,1337
24Mu  Leo,K0III,-29,18,16,1338
31UMa,A3III,-35,21,48,1339
Phi Vel,B5Ib,-242,144,-397,1340
19LMi,F6Vs,-18,10,18,1341
27Nu  Leo,B9IV,-128,75,33,1342
Eta Ant,A8IV,-23,13,-19,1343
12Sex,F0V,-51,29,3,1344
29Pi  Leo,M2III,-106,61,17,1345
Mu 1Cha,A0IV,-13,7,-114,1346
20LMi,G1V,-11,6,7,1347
Mu 2Cha,G6/G8III,-20,11,-158,1348
13Sex,F4V,-48,27,3,1349
40Ups2Hya,B8V,-82,45,-21,1350
14Sex,K1III,-95,51,10,1351
30Eta Leo,A0Ib,-328,175,112,1352
21LMi,A7V,-20,10,16,1353
31Leo,K4III,-78,41,15,1354
15Alp Sex,A0III,-76,40,0,1355
Regulus,B7V,-21,11,5,1356
17Sex,A1V,-160,83,-26,1357
41Lam Hya,K0III,-29,15,-7,1358
18Sex,K2III,-127,65,-21,1359
34Leo,F7V,-55,28,14,1360
19Sex,K0III:,-113,57,10,1361
Ome Car,B8III,-32,16,-98,1362
22LMi,G8III,-155,76,106,1363
23LMi,A0Vn,-62,30,39,1364
24LMi,G0V,-26,12,15,1365
35Leo,G2IV,-25,12,12,1366
37Leo,M1III,-156,75,42,1367
36Zet Leo,F0III,-69,33,33,1368
33Lam UMa,A2IV,-27,13,28,1369
39Leo,F8Vw,-18,9,8,1370
22Eps Sex,F2III,-52,25,-8,1371
32UMa,A8III,-30,14,72,1372
40Leo,F6IV,-18,8,7,1373
Algieba,K0III,-34,15,13,1374
23Sex,B2.5IV,-698,321,30,1375
42Leo,A1V,-125,57,36,1376
34Mu  UMa,M0III SB,-48,21,46,1377
43Leo,K3III,-64,29,8,1378
27LMi,A6V,-56,25,41,1379
25Sex,B9p Si(CrSr),-94,42,-7,1380
28LMi,K1III,-98,43,72,1381
44Leo,M2IIIs,-284,124,48,1382
30LMi,F0V,-54,23,39,1383
42Mu  Hya,K4III,-63,27,-20,1384
Alp Ant,K4III,-88,37,-57,1385
45Leo,A0sp...,-117,49,21,1386
31Bet LMi,G8III-IV,-34,14,28,1387
29Del Sex,B9.5V,-91,37,-4,1388
Del Ant,B9/B9.5V,-105,44,-67,1389
35UMa,K2III:,-38,16,92,1390
32LMi,A4V,-166,68,145,1391
30Bet Sex,B6V,-114,47,-1,1392
36UMa,F8V,-6,2,10,1393
33LMi,A0IV,-61,24,41,1394
46Leo,M2III,-191,77,51,1395
47Rho Leo,B1Ib SB,-91628,36643,16171,1396
34LMi,A2Vn,-159,63,120,1397
44Hya,K5III,-208,82,-98,1398
48Leo,G8II-III,-75,29,9,1399
49Leo,A2V,-121,47,19,1400
37UMa,F1V,-13,5,22,1401
Gam Cha,M0III,-23,9,-125,1402
Phi2Hya,M1III,-207,79,-65,1403
35LMi,F3V,-36,13,28,1404
Phi3Hya,G8III,-57,21,-18,1405
37LMi,G0II,-141,52,93,1406
38LMi,F9V,-38,14,32,1407
33Sex,K1IV,-34,12,-1,1408
38UMa,K2IIIvar,-26,9,63,1409
The Car,B0Vp,-56,19,-125,1410
40LMi,A4Vn,-40,14,21,1411
35Sex,K3III+...,-159,55,14,1412
41LMi,A3Vn,-61,21,27,1413
39UMa,A0Vs,-58,20,95,1414
36Sex,K4III,-139,47,6,1415
Del1Cha,K0III,-16,5,-105,1416
Del2Cha,B2.5IV,-16,5,-106,1417
42LMi,A1Vn,-95,32,59,1418
41UMa,M1III,-109,36,180,1419
51Leo,K3III,-51,17,18,1420
52Leo,G4III:,-81,26,21,1421
Mu  Vel,G5III SB,-22,7,-27,1422
43LMi,K0,-150,48,88,1423
53Leo,A2V,-109,34,21,1424
40Sex,A2IV,-81,26,-6,1425
Nu  Hya,K0/K1III,-40,12,-12,1426
44LMi,F5V,-72,23,40,1427
41Sex,A3m,-89,28,-14,1428
43UMa,K2III,-57,17,91,1429
42UMa,K2III,-40,12,71,1430
46LMi,K0III-IV,-23,6,16,1431
44UMa,K3III,-111,33,163,1432
45Ome UMa,A1Vs,-52,15,51,1433
48LMi,A8V,-103,30,51,1434
54Leo,A1,-76,22,36,1435
55Leo,F2III,-43,12,0,1436
46UMa,K1III,-58,16,40,1437
56Leo,M5IIIvar,-113,32,12,1438
50LMi,K0,-68,19,33,1439
Iot Ant,K0III,-44,12,-35,1440
Eta Oct,A1V,-9,2,-105,1441
47UMa,G0V,-10,2,9,1442
7Alp Crt,K1III,-44,12,-15,1443
58Leo,K1III,-106,28,6,1444
59Leo,A5III,-44,11,4,1445
49UMa,Am,-86,22,73,1446
61Leo,K5III,-173,44,-7,1447
Merak,A1V,-13,3,20,1448
60Leo,A1m,-35,9,13,1449
Lalande 21185,M2V,-1,0,1,1450
62Leo,K3III,-180,45,0,1451
Dubhe,F7V comp,-17,4,33,1452
51UMa,A3III-IV,-60,14,48,1453
63Chi Leo,F2III-IVvar,-27,6,3,1454
Chi1Hya,F3IV/V,-37,9,-19,1455
Chi2Hya,B8V,-183,44,-97,1456
65Leo,G9IIICN...,-61,14,2,1457
64Leo,A5m,-69,16,30,1458
67Leo,A3IV,-125,28,58,1459
52Psi UMa,K1III,-30,6,31,1460
11Bet Crt,A1V,-93,20,-40,1461
Psi Crt,A0V,-142,30,-48,1462
69Leo,A0V,-158,32,0,1463
Zosma,A4V,-16,3,6,1464
70The Leo,A2V,-47,9,13,1465
72Leo,M3III,-265,52,115,1466
73Leo,K3III,-113,22,27,1467
74Phi Leo,A7IVn,-55,10,-3,1468
75Leo,M0III comp,-100,18,3,1469
54Nu  UMa,K3III SB,-100,18,66,1470
76Leo,K0III:,-88,16,2,1471
55UMa,A2V,-45,8,36,1472
12Del Crt,K0III,-54,9,-14,1473
Pi  Cen,B5Vn,-62,10,-89,1474
77Sig Leo,B9.5Vs,-66,11,7,1475
56UMa,G8II,-117,19,112,1476
13Lam Crt,F3IV,-40,6,-13,1477
78Iot Leo,F2IV SB,-22,3,4,1478
79Leo,G8IIICN...,-107,16,2,1479
14Eps Crt,K5III,-111,17,-21,1480
15Gam Crt,A9V,-23,3,-7,1481
81Leo,F2V,-41,6,12,1482
80Leo,F3IV,-55,8,3,1483
83Leo,K0IV,-17,2,0,1484
16Kap Crt,F4III-IV,-67,9,-14,1485
84Tau Leo,G8II-III,-170,24,8,1486
57UMa,A2V,-49,6,41,1487
85Leo,K4III,-128,17,35,1488
87Leo,K4III,-183,23,-9,1489
86Leo,K0III,-90,11,30,1490
58UMa,F4V,-38,4,36,1491
1Lam Dra,M0IIIvar,-35,4,95,1492
88Leo,G0V,-22,2,5,1493
Omi1Cen,G0Ia,-50455,6247,-86111,1494
Omi2Cen,A3Ia,-50347,6223,-86176,1495
Xi  Hya,G8III,-33,3,-20,1496
89Leo,F5V,-27,3,1,1497
90Leo,B4V,-553,61,168,1498
Lam Cen,B9II:,-58,6,-114,1499
2Dra,K0III,-25,2,68,1500
21The Crt,B9.5Vn,-84,8,-14,1501
91Ups Leo,G9III,-55,5,0,1502
Pi  Cha,F1III,-10,1,-40,1503
59UMa,F2II-III,-33,3,32,1504
1Ome Vir,M4III,-150,14,21,1505
60UMa,F5IIIs,-67,6,72,1506
24Iot Crt,F7V,-25,2,-6,1507
Omi Hya,B9V,-112,9,-78,1508
92Leo,K1III,-76,6,30,1509
61UMa,G8Vvar,-7,0,5,1510
62UMa,F4V,-34,2,21,1511
3Dra,K3III,-72,5,169,1512
27Zet Crt,G8III,-102,6,-34,1513
2Xi  Vir,A4V,-36,2,5,1514
Lam Mus,A7III,-15,0,-35,1515
3Nu  Vir,M0III,-89,5,10,1516
63Chi UMa,K0III,-37,2,41,1517
4Vir,A1,-58,3,8,1518
93Leo,A comp SB,-66,3,24,1519
Mu  Mus,K4III,-51,2,-121,1520
Denebola,A3Vvar,-10,0,2,1521
5Bet Vir,F8V,-10,0,0,1522
Bet Hya,Ap Si,-78,2,-52,1523
Groombridge 1830,G8Vp,-7,0,5,1524
Phad,A0V SB,-15,0,20,1525
6Vir,K0III:,-51,1,7,1526
65UMa,A3Vn,-145,3,153,1527
65UMa,A1spe...,-204,4,215,1528
95Leo,A3V,-146,2,40,1529
66UMa,K1III,-52,0,79,1530
30Eta Crt,A0V,-73,1,-22,1531
Eps Cha,B9Vn,-22,0,-108,1532
7Vir,A1V,-93,0,5,1533
8Pi  Vir,A5V,-117,0,13,1534
67UMa,A7m,-25,0,23,1535
The1Cru,Am,-32,0,-64,1536
2Com,F0IV-V,-93,-1,36,1537
The2Cru,B2IV,-118,-2,-233,1538
Kap Cha,K4III,-34,0,-142,1539
9Omi Vir,G8III,-49,-1,7,1540
Eta Cru,F2III,-8,0,-17,1541
Del Cen,B2IVne,-80,-2,-98,1542
1Alp Crv,F0IV/V,-13,0,-6,1543
10Vir,K3III,-72,-3,2,1544
11Vir,Am,-43,-1,4,1545
2Eps Crv,K2III,-89,-3,-37,1546
3Com,A4V,-214,-9,64,1547
3Crv,A1V,-53,-2,-23,1548
Rho Cen,B3V,-70,-3,-91,1549
68UMa,K5III,-147,-7,228,1550
4Com,K4III,-244,-12,118,1551
5Com,K0II-III,-121,-6,45,1552
12Vir,A2m,-49,-2,8,1553
Del Cru,B2IV,-54,-3,-90,1554
Megrez,A3Vvar,-13,0,20,1555
Gienah Ghurab,B8III,-44,-3,-14,1556
6Com,A3V,-58,-4,15,1557
2CVn,M1III,-178,-12,154,1558
7Com,K0III,-69,-4,31,1559
Eps Mus,M5III,-34,-2,-85,1560
Bet Cha,B5Vn,-16,-1,-89,1561
Zet Cru,B2.5V,-47,-3,-98,1562
13Vir,A5Vn,-114,-9,-1,1563
8Com,A8m,-78,-6,33,1564
9Com,F8Vs,-47,-4,25,1565
3CVn,M0III,-118,-10,136,1566
15Eta Vir,A2IV,-81,-7,0,1567
16Vir,K1III,-93,-8,5,1568
5Zet Crv,B8V,-117,-10,-48,1569
11Com,G8III,-84,-7,27,1570
70UMa,K5III,-103,-9,165,1571
Eps Cru,K3/K4III,-34,-3,-61,1572
Zet2Mus,Am,-38,-3,-93,1573
Zet1Mus,K0III,-36,-3,-93,1574
12Com,F8:p...,-80,-7,39,1575
17Vir,F8V,-29,-2,2,1576
6Crv,K1III,-91,-9,-42,1577
4CVn,F3IV,-69,-7,64,1578
5CVn,G7III,-73,-7,92,1579
13Com,A3V,-72,-7,35,1580
71UMa,M3III,-143,-15,220,1581
6CVn,G8III-IV,-61,-7,50,1582
14Com,F0p,-74,-8,38,1583
Acrux,B0.5IV,-44,-5,-88,1584
15Gam Com,K2IIICN+...,-44,-5,24,1585
16Com,A4V,-75,-8,38,1586
73UMa,M2III,-71,-8,105,1587
Sig Cen,B3V,-80,-9,-97,1588
17Com,A0p,-65,-8,31,1589
18Com,F5III,-55,-7,25,1590
20Com,A3V,-77,-10,29,1591
Algorab,B9.5V,-25,-3,-7,1592
74UMa,A5e...,-43,-5,71,1593
7CVn,F7V,-27,-3,35,1594
75UMa,G8III-IV,-61,-8,102,1595
4Dra,M3IIIa,-67,-8,178,1596
21Com,A2pvar,-74,-10,34,1597
Gacrux,M4III,-14,-1,-22,1598
8Eta Crv,F2V,-17,-2,-5,1599
Gam Mus,B5V,-30,-4,-94,1600
20Vir,G8III,-141,-20,25,1601
5Kap Dra,B6IIIp,-51,-7,141,1602
22Com,A4V,-80,-11,36,1603
8Bet CVn,G0V,-6,0,5,1604
21Vir,A0V,-77,-11,-13,1605
Kraz,G5II,-40,-6,-17,1606
6Dra,K2III,-62,-9,173,1607
23Com,A0IV,-86,-13,36,1608
24Com,A7m,-48,-7,16,1609
24Com,K2III,-129,-20,43,1610
25Vir,A3V,-67,-10,-7,1611
25Com,K5III,-183,-29,57,1612
Alp Mus,B2IV-V,-33,-5,-90,1613
Tau Cen,A2V,-26,-4,-30,1614
9CVn,A7Vn,-50,-8,44,1615
26Com,G9III,-77,-13,30,1616
26Chi Vir,K2III,-87,-15,-12,1617
Gam Cen,A1IV,-25,-4,-30,1618
76UMa,A2III,-72,-13,142,1619
27Vir,A7Vn,-60,-11,11,1620
Porrima,F0V+...,-11,-2,0,1621
30Rho Vir,A0V,-35,-6,6,1622
31Vir,A2V,-69,-12,8,1623
10CVn,G0V,-13,-2,11,1624
32Vir,A8m,-75,-15,10,1625
Iot Cru,K1III,-17,-3,-32,1626
Bet Mus,B2V,-38,-7,-97,1627
33Vir,K1III-IV,-43,-8,7,1628
27Com,K3III,-97,-20,29,1629
34Vir,A3V,-79,-16,17,1630
7Dra,K5III,-87,-18,208,1631
Becrux,B0.5III,-42,-8,-73,1632
35Vir,M4III,-174,-37,11,1633
28Com,A1V,-119,-25,29,1634
11CVn,A6m,-89,-19,102,1635
29Com,A1V,-116,-25,29,1636
30Com,A2V,-80,-17,42,1637
37Vir,K4III:,-178,-40,9,1638
31Com,G0III,-77,-17,41,1639
32Com,M0III,-557,-129,175,1640
38Vir,F5V,-31,-7,-2,1641
35Com,G8III,-78,-18,31,1642
Kap Cru,B5Ia,-48073,-11500,-86929,1643
41Vir,A7III,-57,-13,13,1644
Alioth,A0p,-13,-3,20,1645
40Psi Vir,M3IIIvar,-160,-38,-27,1646
Mu 1Cru,B2IV-V,-66,-16,-106,1647
Mu 2Cru,B5Vne,-65,-15,-104,1648
Lam Cru,B4Vn,-58,-14,-100,1649
Iot Oct,K0III,-8,-2,-107,1650
8Dra,A5n,-11,-2,26,1651
43Del Vir,M3III,-58,-14,3,1652
12Alp1CVn,F0V,-28,-7,22,1653
Cor Caroli,A0spe...,-26,-6,21,1654
36Com,M0III,-91,-24,29,1655
44Vir,A3V,-75,-20,-5,1656
9Dra,K2III,-73,-19,175,1657
37Com,K1IIIp,-167,-45,103,1658
46Vir,K2III,-96,-26,-5,1659
78UMa,F2V,-13,-3,21,1660
38Com,K0III,-114,-31,36,1661
Vindemiatrix,G8IIIvar,-31,-8,6,1662
Del Mus,K2III,-8,-2,-26,1663
Xi 1Cen,A0V,-42,-12,-51,1664
48Vir,F0V,-148,-42,-9,1665
14CVn,B9V,-81,-23,61,1666
39Com,F4V,-44,-13,17,1667
40Com,M5III,-199,-59,86,1668
Xi 2Cen,B1.5V,-88,-26,-109,1669
41Com,K5III,-86,-26,47,1670
49Vir,K2III,-88,-27,-17,1671
The Mus,WC6 + O9.5I,-39945,-12235,-90855,1672
45Psi Hya,K0III,-62,-19,-27,1673
15CVn,B7III,-276,-86,230,1674
50Vir,K5III,-199,-62,-38,1675
51The Vir,A1V,-91,-28,-9,1676
42Alp Com,F5V,-16,-5,5,1677
17CVn,A9III-IV,-47,-14,39,1678
43Bet Com,G0V,-7,-2,4,1679
53Vir,F6V,-30,-10,-9,1680
54Vir,A0V,-174,-57,-62,1681
55Vir,G8III/IV,-34,-11,-13,1682
Eta Mus,B8V,-41,-14,-108,1683
19CVn,A7V,-53,-18,48,1684
57Vir,K1III,-34,-11,-13,1685
59Vir,G0Vs,-16,-5,2,1686
20CVn,F3III,-58,-20,52,1687
60Sig Vir,M2III,-194,-68,19,1688
21CVn,A0V,-51,-18,64,1689
61Vir,G5V,-7,-2,-2,1690
46Gam Hya,G8III,-35,-12,-16,1691
23CVn,K1III,-111,-40,100,1692
Iot Cen,A2V,-13,-4,-10,1693
64Vir,A2m,-61,-23,5,1694
63Vir,K0III,-83,-31,-28,1695
65Vir,K3III,-355,-135,-32,1696
Mizar,A2V,-14,-5,21,1697
66Vir,F3V,-27,-10,-2,1698
Iot1Mus,K0III,-16,-6,-65,1699
Spica,B1V,-69,-27,-14,1700
Alcor,A5V SB,-13,-5,20,1701
68Vir,K5III,-122,-48,-29,1702
Iot2Mus,B9V,-39,-15,-153,1703
69Vir,K1IIICN...,-76,-30,-23,1704
70Vir,G5V,-16,-6,4,1705
71Vir,K0III,-89,-36,18,1706
72Vir,F2V,-48,-20,-5,1707
74Vir,M3III,-112,-47,-13,1708
73Vir,A7IV/V,-66,-28,-24,1709
75Vir,K1III,-139,-59,-41,1710
76Vir,K0III,-65,-28,-12,1711
81UMa,A0V,-47,-20,75,1712
78Vir,A1p SrCrEu,-51,-22,3,1713
24CVn,A5V,-33,-14,41,1714
79Zet Vir,A3V,-20,-9,0,1715
80Vir,G6III,-88,-39,-9,1716
25CVn,A7III,-44,-20,36,1717
82UMa,A3Vn,-29,-13,42,1718
Eps Cen,B1III,-70,-32,-105,1719
1Boo,A1V,-85,-40,34,1720
83UMa,M2IIIvar,-83,-39,130,1721
Kap Oct,A2m...,-5,-2,-83,1722
2Boo,G9III,-86,-40,39,1723
82Vir,M2III,-139,-66,-23,1724
84Vir,K1III,-65,-31,4,1725
83Vir,G1IV/V,-217,-106,-70,1726
85Vir,A0V,-91,-45,-28,1727
1Cen,F3V,-14,-7,-10,1728
86Vir,G8III,-108,-54,-26,1729
84UMa,B9p EuCr,-46,-23,72,1730
3Boo,F6IV-V,-72,-36,38,1731
4Tau Boo,F7V,-13,-6,4,1732
87Vir,M2III,-176,-89,-63,1733
Alkaid,B3V SB,-18,-9,24,1734
2Cen,M5III,-41,-21,-31,1735
5Ups Boo,K5IIIvar,-69,-35,21,1736
Nu  Cen,B2IV,-88,-45,-89,1737
Mu  Cen,B2IV-Ve,-101,-52,-104,1738
6Boo,K4III,-101,-52,44,1739
89Vir,K0III,-63,-32,-23,1740
10Dra,M3III,-42,-22,102,1741
3Cen,B5,-78,-41,-57,1742
4Cen,B4IV,-145,-78,-103,1743
7Boo,G5III,-177,-95,65,1744
86UMa,A0V,-76,-41,118,1745
Mufrid,G0IV,-9,-5,3,1746
90Vir,K2III,-66,-36,-1,1747
Zet Cen,B2.5IV,-69,-38,-86,1748
92Vir,A8V,-78,-43,1,1749
9Boo,K3IIIvar,-138,-77,82,1750
Phi Cen,B2IV,-103,-58,-107,1751
47Hya,B8V,-80,-45,-43,1752
10Boo,A0Vs,-116,-66,53,1753
Ups1Cen,B2IV-V,-80,-46,-92,1754
48Hya,F6V,-43,-25,-23,1755
11Boo,A7III,-69,-40,41,1756
93Tau Vir,A3V,-59,-34,1,1757
Ups2Cen,F6II,-234,-137,-278,1758
Hadar,B1III,-50,-30,-104,1759
Thuban,A0III SB,-34,-20,83,1760
The Aps,M6.5III,-22,-13,-110,1761
Chi Cen,B2V,-100,-61,-103,1762
49Pi  Hya,K2III,-23,-14,-13,1763
Menkent,K0IIIb,-12,-7,-10,1764
95Vir,F2IV,-48,-30,-9,1765
3UMi,A7V,-29,-18,126,1766
13Boo,M2III,-92,-58,127,1767
4UMi,K3III,-25,-16,136,1768
96Vir,G8III,-105,-66,-22,1769
12Boo,F9IVw,-28,-18,15,1770
50Hya,K2III,-49,-32,-30,1771
98Kap Vir,K3III,-64,-42,-13,1772
17Kap1Boo,F1V,-23,-15,36,1773
17Kap2Boo,A8IV,-25,-17,39,1774
14Boo,F6IV,-27,-18,7,1775
15Boo,K1III,-66,-44,14,1776
Arcturus,K2IIIp,-8,-5,3,1777
99Iot Vir,F7V,-18,-12,-2,1778
21Iot Boo,A9V,-15,-10,22,1779
19Lam Boo,A0sh,-17,-11,21,1780
Eta Aps,A2m...,-5,-3,-41,1781
100Lam Vir,A1V,-45,-31,-13,1782
18Boo,F5IV,-20,-14,5,1783
Iot Lup,B2.5IV,-59,-41,-74,1784
102Ups Vir,G9III,-65,-45,-3,1785
20Boo,K3III,-45,-31,16,1786
Psi Cen,A0IV,-51,-36,-48,1787
Eps Aps,B4V,-27,-19,-194,1788
51Hya,K3III,-34,-24,-22,1789
2Lib,G7III,-81,-58,-20,1790
23The Boo,F7V,-7,-5,11,1791
Tau1Lup,B2IV,-189,-140,-237,1792
Tau2Lup,A7:+...,-55,-40,-69,1793
22Boo,F0m,-67,-50,29,1794
Del Oct,K2III,-8,-6,-91,1795
104Vir,A2IV,-62,-47,-8,1796
5UMi,K4III,-21,-16,106,1797
52Hya,B7/B8V,-83,-63,-59,1798
105Phi Vir,G2III,-28,-21,-1,1799
24Boo,G3IV,-51,-38,76,1800
106Vir,K5III,-151,-114,-23,1801
Proxima Centauri,M5Ve,0,0,-1,1802
25Rho Boo,K3III,-33,-26,24,1803
27Gam Boo,A7IIIvar,-16,-12,16,1804
26Boo,F2IV,-39,-30,20,1805
Sig Lup,B2III,-88,-69,-136,1806
28Sig Boo,F3Vwvar,-10,-8,7,1807
Eta Cen,B1Vn + A,-54,-43,-62,1808
Rho Lup,B5V,-48,-40,-73,1809
33Boo,A1V,-31,-26,39,1810
Alp2Cen,K1V,0,0,-1,1811
Rigil Kentaurus,G2V,0,0,-1,1812
29Pi 1Boo,B9p MnHg,-68,-58,26,1813
30Zet Boo,A3IVn,-39,-33,12,1814
31Boo,G8IIIvar,-124,-105,23,1815
32Boo,G8III,-92,-78,24,1816
Alp Lup,B1.5III,-73,-62,-104,1817
Alp Cir,F1Vp,-5,-4,-15,1818
107Mu  Vir,F2III,-13,-11,-1,1819
4Lib,B9.5V,-104,-90,-64,1820
34Boo,M3III,-146,-126,96,1821
Izar,A0,-41,-36,28,1822
35Omi Boo,K0III,-53,-47,21,1823
108Vir,B9.5V,-113,-99,1,1824
5Lib,K2III,-320,-283,-118,1825
54Hya,F0V + G/K,-20,-18,-13,1826
109Vir,A0V,-30,-27,1,1827
55Hya,B9IV/V,-153,-137,-98,1828
56Hya,G8/K0III,-73,-65,-48,1829
Alp Aps,K5III,-19,-17,-134,1830
57Hya,B9.5V,-91,-82,-61,1831
38Boo,F7IVw,-25,-22,35,1832
7Mu  Lib,Ap,-52,-47,-17,1833
39Boo,F6V+...,-33,-30,51,1834
58Hya,K3III,-66,-60,-47,1835
8Alp1Lib,F3V,-16,-14,-6,1836
Kochab,K4IIIvar,-8,-7,38,1837
Zubenelgenubi,A3IV,-16,-15,-6,1838
11Lib,G8...,-49,-45,-2,1839
37Xi  Boo,G8V + K4V,-4,-4,2,1840
Omi Lup,B5IV,-65,-61,-85,1841
12Lib,K2/K3III,-84,-80,-53,1842
13Xi 1Lib,G7III,-73,-69,-21,1843
Zet Cir,B3Vn,-114,-109,-356,1844
The Cir,B4Vnp,-151,-147,-411,1845
15Xi 2Lib,K4III,-118,-115,-33,1846
16Lib,F0V,-19,-18,-2,1847
17Lib,A1V,-76,-75,-21,1848
Bet Lup,B2III,-60,-60,-80,1849
59Hya,A6IV,-71,-70,-52,1850
18Lib,K3III-IV,-66,-65,-18,1851
Kap Cen,B2IV,-61,-61,-78,1852
40Boo,F1III-IV,-28,-28,32,1853
19Del Lib,B9.5V,-62,-63,-13,1854
Pi 1Oct,G8/K0III,-9,-10,-119,1855
42Bet Boo,G8III,-36,-37,44,1856
60Hya,A4IV,-62,-64,-47,1857
41Ome Boo,K4III,-72,-73,48,1858
110Vir,K0III,-41,-42,2,1859
44Boo,G2V + G2V,-5,-6,9,1860
20Sig Lib,M3/M4III,-55,-57,-37,1861
43Psi Boo,K2III,-46,-48,34,1862
Pi 2Oct,G8Ib,-50,-52,-594,1863
Eta Cir,G8III,-25,-26,-76,1864
Pi  Lup,B5,-63,-66,-99,1865
47Boo,A1V,-38,-40,62,1866
21Nu  Lib,K5III,-140,-148,-59,1867
45Boo,F5V,-12,-12,8,1868
46Boo,K2III,-96,-104,70,1869
Lam Lup,B3V,-113,-122,-169,1870
Ome Oct,B9.5V,-5,-6,-96,1871
Kap1Lup,B9V,-24,-27,-41,1872
Kap2Lup,A3IV,-34,-38,-58,1873
24Iot1Lib,Asp...,-73,-81,-39,1874
Zet Lup,G8III,-14,-16,-28,1875
25Iot2Lib,A2V,-43,-49,-23,1876
23Lib,G5V,-15,-17,-11,1877
48Chi Boo,A2V,-44,-50,37,1878
26Lib,B9III,-154,-175,-74,1879
1Lup,F3III,-337,-383,-313,1880
3Ser,K0III,-75,-85,9,1881
49Del Boo,G8III,-20,-23,20,1882
4Ser,A4V,-30,-34,0,1883
Del Cir,O8.5V,-31697,-36769,-87425,1884
Zubeneschemali,B8V,-36,-42,-9,1885
11UMi,K4III,-24,-28,116,1886
Bet Cir,A3V,-10,-12,-26,1887
Eps Cir,K2.5III,-36,-42,-111,1888
2Lup,K1II/III,-56,-65,-50,1889
Mu  Lup,B8V,-44,-52,-76,1890
Gam TrA,A1V,-13,-15,-52,1891
5Ser,F8III-IV,-16,-19,0,1892
1Omi CrB,K0III,-46,-55,40,1893
13Gam UMi,A3II-III,-29,-35,141,1894
28Lib,G8II/III,-111,-133,-57,1895
29Omi Lib,F2V,-34,-41,-15,1896
6Ser,K3III,-46,-56,0,1897
Del Lup,B1.5IV,-131,-158,-176,1898
Phi1Lup,K5III,-43,-52,-49,1899
50Boo,B9Vn,-42,-51,43,1900
Nu 2Lup,G2V,-6,-7,-11,1901
Nu 1Lup,F8V,-15,-18,-26,1902
7Ser,A0V,-85,-103,29,1903
Eps Lup,B2IV-V,-70,-86,-110,1904
Phi2Lup,B4V,-80,-98,-95,1905
2Eta CrB,G2V,-9,-11,9,1906
Gam Cir,B5III + F8,-44,-54,-118,1907
8Ser,F0V,-32,-39,0,1908
31Eps Lib,F5IV,-19,-23,-5,1909
51Mu 1Boo,F0V,-17,-21,21,1910
51Mu 2Boo,G1V,-17,-22,21,1911
Ups Lup,Ap...,-60,-74,-79,1912
12Iot Dra,K2III,-10,-12,26,1913
9Tau1Ser,M1III,-127,-159,56,1914
3Bet CrB,F0p,-18,-23,16,1915
32Zet1Lib,K4III,-141,-181,-69,1916
10Ser,A8IV,-24,-31,1,1917
34Zet3Lib,K0III,-90,-118,-44,1918
52Nu 1Boo,K5III,-117,-154,168,1919
15The UMi,K5III,-34,-45,256,1920
Kap1Aps,B1npe,-65,-86,-364,1921
53Nu 2Boo,A5V,-54,-71,77,1922
12Tau2Ser,B9V,-83,-110,39,1923
35Zet4Lib,B3V,-115,-154,-58,1924
4The CrB,B6Vnn,-58,-78,59,1925
11Ser,K0III,-51,-68,-1,1926
37Lib,K1IV,-16,-22,-5,1927
36Lib,K2/K3III,-51,-69,-45,1928
Alphekka,A0V,-12,-16,10,1929
13Del Ser,F0IV,-40,-55,12,1930
Gam Lup,B2IV,-57,-78,-84,1931
6Mu  CrB,M2III,-87,-119,119,1932
38Gam Lib,K0III,-28,-39,-12,1933
15Tau3Ser,G8III:,-65,-89,35,1934
18Tau5Ser,F3V,-29,-40,14,1935
16Ser,K0p,-40,-56,12,1936
14Ser,G8III+...,-85,-117,-1,1937
Eps TrA,K0III,-14,-20,-56,1938
39Ups Lib,K3III,-35,-49,-32,1939
54Phi Boo,G8III-IV,-23,-32,33,1940
Ome Lup,K4.5III,-28,-40,-45,1941
40Tau Lib,B2.5V,-56,-79,-55,1942
41Lib,G8III/IV,-52,-73,-31,1943
7Zet1CrB,B7V+...,-67,-95,86,1944
3Psi1Lup,G8/K0III,-31,-45,-38,1945
42Lib,K3III,-61,-87,-47,1946
Kap2Aps,B8IV,-39,-55,-229,1947
19Tau6Ser,G8III,-101,-146,51,1948
21Iot Ser,A1V,-31,-45,19,1949
20Chi Ser,A0p Sr,-37,-54,14,1950
22Tau7Ser,A2m,-28,-41,16,1951
43Kap Lib,K5III,-50,-73,-31,1952
4Psi2Lup,B5V,-51,-75,-63,1953
8Gam CrB,A1Vs,-22,-33,19,1954
Rho Oct,A2V,-3,-5,-65,1955
9Pi  CrB,G9III:,-35,-52,40,1956
23Psi Ser,G5V,-8,-12,0,1957
16Zet UMi,A3Vn,-13,-19,110,1958
44Eta Lib,A6IV,-24,-36,-12,1959
Unukalhai,K2III,-12,-18,2,1960
26Tau8Ser,A0V,-60,-90,33,1961
25Ser,B8III,-76,-114,-4,1962
28Bet Ser,A3V,-25,-38,12,1963
27Lam Ser,G0Vvar,-6,-10,1,1964
31Ups Ser,A3V,-40,-62,18,1965
35Kap Ser,M1III,-60,-93,36,1966
10Del CrB,G5III-IV,-25,-39,22,1967
32Mu  Ser,A0V,-27,-43,-3,1968
34Ome Ser,G8III,-44,-70,3,1969
37Eps Ser,A2m,-11,-18,1,1970
5Chi Lup,B9.5III-IV,-26,-42,-33,1971
1Sco,B1.5Vn,-72,-115,-65,1972
11Kap CrB,K0III-IV,-13,-20,17,1973
36Ser,A3Vn,-26,-42,-2,1974
38Rho Ser,K5III,-57,-90,41,1975
1Chi Her,F9V,-6,-9,10,1976
39Ser,G0IV,-8,-14,3,1977
45Lam Lib,B3V,-46,-75,-32,1978
2Sco,B2.5Vn,-72,-118,-65,1979
46The Lib,K0III,-25,-42,-14,1980
2Her,M3III,-76,-124,137,1981
3Sco,B8III/IV,-74,-122,-67,1982
40Ser,A7Vn,-40,-66,11,1983
47Lib,B2/B3V,-115,-190,-78,1984
Bet TrA,F2III,-2,-4,-11,1985
Kap TrA,G6VII,-69,-115,-344,1986
4Sco,A3V,-58,-96,-55,1987
4Her,B9p,-62,-103,111,1988
12Lam CrB,F0IV,-16,-28,25,1989
41Gam Ser,F6V,-5,-9,3,1990
5Rho Sco,B2IV/V,-64,-108,-70,1991
Xi 1Lup,A3V,-17,-30,-23,1992
Xi 2Lup,B9V,-19,-32,-25,1993
Phi Ser,K1IV,-36,-61,18,1994
13Eps CrB,K3III,-30,-52,30,1995
48Lib,B8Ia/Iab,-70,-119,-35,1996
6Pi  Sco,B1V + B2V,-81,-139,-79,1997
Eta Lup,B2.5IV,-53,-91,-84,1998
49Lib,F7V,-16,-29,-10,1999
Dschubba,B0.2IV,-69,-120,-57,2000
50Lib,A0Vs,-73,-128,-21,2001
15Rho CrB,G2V,-7,-12,9,2002
5Her,G8III,-36,-63,23,2003
14Iot CrB,A0p...,-41,-72,47,2004
13The Dra,F8IV-V,-5,-9,17,2005
44Pi  Ser,A3V,-24,-44,21,2006
6Ups Her,B9III,-38,-68,81,2007
Eta Nor,G8III,-21,-38,-50,2008
Iot1Nor,A7IV,-10,-18,-33,2009
43Ser,G9III,-53,-96,9,2010
Graffias,B0.5V,-55,-102,-41,2011
8Bet2Sco,B2V,-55,-100,-41,2012
Del Nor,Am,-12,-23,-26,2013
The Lup,B2.5Vn,-48,-89,-76,2014
9Ome1Sco,B1V,-64,-119,-51,2015
10Ome2Sco,G6/G8III,-39,-73,-31,2016
11Sco,B9V,-51,-96,-24,2017
45Ser,A7V,-45,-86,17,2018
7Kap Her,G8III,-50,-95,33,2019
7Kap Her,K1III,-289,-544,189,2020
47Ser,M3.5IIIa,-114,-216,36,2021
11Phi Her,B9MNp...,-20,-39,44,2022
8Her,A0Vnn,-43,-82,28,2023
16Tau CrB,K0III-IV,-13,-25,21,2024
Iot2Nor,B9V,-21,-40,-72,2025
19UMi,B8V,-21,-41,183,2026
10Her,M4IIIa,-87,-170,83,2027
14Nu  Sco,B2IV,-62,-122,-48,2028
15Psi Sco,A3IV,-21,-41,-8,2029
16Sco,A4V,-34,-68,-11,2030
12Sco,B9V,-37,-72,-44,2031
13Sco,B2V,-58,-115,-68,2032
20UMi,K2IV,-23,-45,193,2033
9Her,K5III,-54,-108,10,2034
Zet Nor,F2III,-16,-33,-55,2035
Kap Nor,G4III,-34,-67,-107,2036
17Chi Sco,K3III,-50,-101,-23,2037
1Del Oph,M1III,-23,-46,-3,2038
17Sig CrB,F8V,-7,-15,11,2039
The Nor,B8V,-35,-71,-86,2040
Del TrA,G5II,-36,-74,-166,2041
16Her,K3III,-44,-90,34,2042
18Sco,G1V,-6,-12,-2,2043
18Ups CrB,A3V,-77,-160,99,2044
Gam1Nor,F9Ia,-125,-260,-345,2045
21Eta UMi,F5V,-3,-6,28,2046
2Eps Oph,G8III,-13,-29,-2,2047
Lam Nor,A3Vn,-33,-71,-72,2048
22Tau Her,B5IV,-27,-58,68,2049
Gam2Nor,G8III,-10,-22,-30,2050
Del1Aps,M5III,-19,-41,-229,2051
Del2Aps,K3III,-15,-33,-184,2052
19Omi Sco,A4II/III,-103,-223,-110,2053
20Sig Sco,B1III,-80,-175,-92,2054
20Gam Her,A9III,-23,-50,19,2055
50Sig Ser,F0V,-11,-24,0,2056
19Xi  CrB,K0III,-19,-43,28,2057
20Nu 1CrB,M2III,-67,-148,109,2058
21Nu 2CrB,K5III,-62,-138,101,2059
14Eta Dra,G8III,-5,-12,24,2060
4Psi Oph,K0III,-23,-52,-20,2061
21Her,A2sp...,-45,-101,13,2062
25Her,A5V,-23,-54,45,2063
24Ome Her,B9p Cr,-29,-68,18,2064
5Rho Oph,B2V,-40,-93,-44,2065
7Chi Oph,B2Vne,-60,-140,-50,2066
Eps Nor,B4V,-43,-100,-119,2067
3Ups Oph,A3m,-15,-37,-5,2068
Iot TrA,F4IV,-6,-15,-34,2069
15Dra,A0III,-21,-49,139,2070
Zet TrA,F9V,-1,-3,-11,2071
30Her,M6III:var,-31,-74,72,2072
Antares,M1Ib + B2.5V,-58,-140,-75,2073
34Her,A1V,-25,-61,76,2074
22Sco,B3V,-43,-106,-53,2075
Kornephoros,G8III,-15,-36,15,2076
10Lam Oph,A2V,-20,-49,1,2077
8Phi Oph,G8/K0III,-27,-66,-21,2078
9Ome Oph,Ap,-17,-44,-18,2079
28Her,B9.5III,-43,-109,11,2080
29Her,K4III,-39,-97,21,2081
Gam Aps,K0IV SB,-3,-8,-47,2082
Mu  Nor,B0Ia,-26319,-66887,-69522,2083
35Sig Her,B9Vvar,-26,-66,65,2084
The TrA,G8/K0III,-15,-40,-95,2085
23Tau Sco,B0V,-45,-119,-68,2086
16Dra,B9.5Vn,-28,-73,104,2087
17Dra,B9V,-27,-71,100,2088
12Oph,K2V,-3,-9,0,2089
13Zet Oph,O9.5V,-39,-103,-20,2090
42Her,M2.5III,-28,-78,95,2091
36Her,A3IV,-31,-87,6,2092
37Her,A1V,-30,-84,6,2093
18Dra,K1p,-32,-91,203,2094
40Zet Her,F9IV,-3,-8,5,2095
Eta1TrA,B7IV,-25,-70,-188,2096
39Her,F2III,-13,-36,19,2097
14Oph,F2.7III-IV,-18,-52,1,2098
44Eta Her,G8III-IV,-8,-24,20,2099
Bet Aps,K0III,-3,-9,-46,2100
16Oph,B9.5III,-48,-145,2,2101
43Her,K5III,-34,-101,16,2102
22Eps UMi,G5IIIvar,-4,-12,92,2103
25Sco,K0II,-61,-185,-93,2104
19Oph,A3V,-51,-157,5,2105
45Her,B9p (Cr),-37,-114,11,2106
Atria,K2IIb-IIIa,-13,-40,-111,2107
52Her,A2p...,-11,-36,39,2108
Eta Ara,K5III,-14,-44,-78,2109
20Oph,F7IV,-9,-29,-5,2110
26Eps Sco,K2IIIb,-4,-15,-11,2111
47Her,A3m,-16,-51,6,2112
50Her,M1III,-84,-271,162,2113
21Oph,A2Vs,-34,-110,2,2114
51Her,K2II-III,-57,-186,89,2115
Mu 1Sco,B1.5IV + B,-35,-115,-94,2116
49Her,B9.5p (Cr),-35,-114,32,2117
Mu 2Sco,B2IV,-33,-109,-89,2118
53Her,F0V,-7,-23,15,2119
Zet1Sco,B1Iae,-165,-557,-530,2120
25Iot Oph,B8V,-21,-70,13,2121
Zet2Sco,K4III,-8,-28,-27,2122
23Oph,K2III,-20,-70,-7,2123
56Her,G5III,-34,-118,59,2124
54Her,K4III,-31,-109,37,2125
19Dra,F6Vvar,-1,-6,13,2126
20Dra,F1V,-8,-28,63,2127
24Oph,A0V,-23,-82,-36,2128
27Sco,K5III,-65,-234,-159,2129
57Her,G5III:,-41,-147,72,2130
27Kap Oph,K2IIIvar,-7,-26,4,2131
Zet Ara,K5III,-22,-80,-123,2132
Eps1Ara,K4III,-17,-64,-88,2133
26Oph,F3V,-7,-29,-14,2134
58Eps Her,A0V,-10,-39,24,2135
30Oph,K4III,-31,-119,-9,2136
59Her,A3IV,-20,-79,54,2137
29Oph,K1III,-42,-162,-57,2138
Eps2Ara,F6V,-4,-15,-21,2139
61Her,M4III,-45,-181,133,2140
21Mu  Dra,F5,-3,-15,22,2141
60Her,A4IV,-9,-38,9,2142
22Zet Dra,B6III,-9,-40,91,2143
35Eta Oph,A2.5Va,-5,-25,-7,2144
63Her,A8V,-15,-73,33,2145
Eta Sco,F3p,-3,-16,-15,2146
37Oph,M2III,-67,-321,61,2147
Rasalgethi,M5IIvar,-20,-104,27,2148
65Del Her,A3IVv SB,-4,-20,9,2149
67Pi  Her,K3IIvar,-18,-90,69,2150
36Oph,K2:III:,-1,-5,-2,2151
41Oph,K2III,-11,-61,0,2152
Lam UMi,M1III,0,-4,271,2153
68Her,B1.5Vp,-31,-168,111,2154
69Her,A2V,-7,-42,32,2155
39Omi Oph,G8/K0II,-16,-88,-40,2156
39Omi Oph,K:...,-15,-81,-37,2157
74Her,M0III,-20,-116,123,2158
72Her,G0V,-2,-11,7,2159
53Nu  Ser,A0/A1V,-10,-59,-13,2160
70Her,A2V,-20,-117,54,2161
40Xi  Oph,F2/F3V,-2,-15,-6,2162
Zet Aps,K1III,-5,-34,-84,2163
42The Oph,B2IV,-19,-119,-56,2164
Iot Aps,B8/B9Vn...,-22,-135,-380,2165
Iot Ara,B2IIIne,-30,-191,-211,2166
43Oph,K4/K5III,-35,-218,-118,2167
75Rho Her,B9.5III,-15,-94,72,2168
73Her,F0IV,-6,-38,16,2169
Bet Ara,K3Ib-II,-16,-110,-163,2170
Gam Ara,B1Ib,-28,-186,-284,2171
Kap Ara,K1III,-13,-87,-107,2172
44Oph,A3IV:m,-3,-23,-10,2173
49Sig Oph,K3IIvar,-40,-272,19,2174
77Her,A4V,-11,-75,85,2175
45Oph,F3III,-4,-29,-17,2176
Rastaban,G2II,-9,-70,92,2177
76Lam Her,K3IIIvar,-12,-100,49,2178
34Ups Sco,B2IV,-17,-139,-107,2179
24UMi,A2m,0,-2,46,2180
Del Ara,B8V,-3,-29,-52,2181
51Oph,A0V,-14,-112,-50,2182
78Her,A1V,-8,-71,39,2183
Alp Ara,B2Vne,-6,-52,-62,2184
27Dra,K0III,-2,-23,60,2185
24Nu 1Dra,Am...,-2,-17,24,2186
23Del UMi,A1Vn,0,-3,52,2187
25Nu 2Dra,Am,-2,-17,25,2188
Shaula,B1.5IV+...,-16,-138,-105,2189
53Oph,A2V,-11,-101,17,2190
Rasalhague,A5III,-1,-14,3,2191
26Dra,G0V,0,-6,12,2192
52Oph,Ap Si,-25,-238,-96,2193
1Sig Ara,A0V,-8,-79,-84,2194
82Her,K1III,-7,-71,81,2195
28Ome Dra,F5V,0,-8,21,2196
Sargas,F1II,-6,-67,-62,2197
79Her,A2Vn,-6,-69,31,2198
55Xi  Ser,F0IIIp,-3,-30,-8,2199
57Mu  Oph,B8II-IIIMNp,-22,-228,-32,2200
Pi  Ara,A7V,-2,-25,-36,2201
85Iot Her,B3V SB,-8,-96,100,2202
Lam Ara,F3IV,-1,-13,-16,2203
56Omi Ser,A2Va,-4,-51,-11,2204
31Psi1Dra,F5IV-V,0,-6,21,2205
31Psi1Dra,G0V,0,-7,21,2206
83Her,K4III,-8,-112,51,2207
Kap Sco,B1.5III,-8,-114,-93,2208
84Her,G2IIIb,-2,-35,16,2209
58Oph,F6/F7V,-1,-16,-6,2210
Cebalrai,K2III,-1,-24,1,2211
Mu  Ara,G5V,0,-9,-12,2212
61Oph,A1IV-V,-5,-84,3,2213
Eta Pav,K1III,-2,-46,-97,2214
86Mu  Her,G5IV,0,-7,3,2215
3Sgr,F7II,-14,-266,-141,2216
Iot1Sco,F3Ia,-24,-451,-381,2217
62Gam Oph,A0V,-1,-31,1,2218
87Her,K2III,-2,-58,28,2219
30Dra,A2V,-2,-42,51,2220
35Dra,F6IV-Vs,0,-7,30,2221
88Her,Bpsh,-8,-193,217,2222
Iot2Sco,A6Ib,-25,-597,-503,2223
90Her,K3III,-2,-83,69,2224
32Xi  Dra,K2III,0,-18,28,2225
34Psi2Dra,F2.5II-III,-2,-99,307,2226
89Her,F2Iavar,-1795,-89823,43915,2227
91The Her,K1IIvar,-3,-183,139,2228
Etamin,K5III,0,-29,37,2229
92Xi  Her,K0III,0,-36,20,2230
Barnard's Star,sdM4,0,-1,0,2231
94Nu  Her,F2II,-1,-228,132,2232
64Nu  Oph,K0III,0,-45,-7,2233
4Sgr,B9V,0,-116,-51,2234
40Dra,K2Vvar,0,-12,71,2235
93Her,K0II-III,0,-197,59,2236
41Dra,K2Vvar,0,-11,62,2237
66Oph,B2Ve,0,-199,15,2238
57Zet Ser,F3V,0,-23,-1,2239
67Oph,B5Ib,1,-376,19,2240
6Sgr,K2III,4,-770,-237,2241
95Her,G5,0,-118,47,2242
68Oph,A2Vn,0,-89,2,2243
96Her,B3IV,2,-269,102,2244
97Her,B3Vn,2,-215,91,2245
7Sgr,F2/F3II/III,3,-301,-136,2246
69Tau Oph,F5V+...,0,-50,-7,2247
9Sgr,O6,1539,-91083,-41248,2248
Gam1Sgr,G0Ib/II,5,-231,-131,2249
70Oph,K0V SB,0,-5,0,2250
Nash,K0III,0,-25,-15,2251
98Her,M3IIIa+...,5,-209,85,2252
The Ara,B2Ib,4,-159,-191,2253
99Her,F7V,0,-13,7,2254
71Oph,G8III-IV,2,-82,12,2255
72Oph,A4IVs,0,-26,4,2256
103Omi Her,B9.5V,2,-90,49,2257
100Her,A3V,1,-34,16,2258
100Her,A3V,1,-44,21,2259
Pi  Pav,Am,0,-17,-35,2260
102Her,B2IV,10,-262,99,2261
101Her,A8III,3,-94,34,2262
73Oph,F2V,2,-54,3,2263
Iot Pav,G0V,0,-8,-15,2264
Eps Tel,G5III,4,-89,-92,2265
11Sgr,K0III,3,-71,-31,2266
104Her,M3III,7,-142,86,2267
13Mu  Sgr,B2III:,5600,-93152,-35932,2268
36Dra,F5V,0,-9,20,2269
14Sgr,K2III,8,-128,-51,2270
15Sgr,B0/1Ia/ab,6204,-93320,-35393,2271
16Sgr,B0.5Ib/II,6218,-93528,-34837,2272
37Dra,K1III:,2,-30,78,2273
Eta Sgr,M2III,2,-35,-26,2274
105Her,K4II SB,22,-270,123,2275
1Kap Lyr,K2IIIvar,5,-62,45,2276
106Her,M1III,9,-111,44,2277
43Phi Dra,A0p (Si),2,-29,87,2278
74Oph,G8III,7,-79,4,2279
108Her,A5m,4,-48,27,2280
Kaus Meridionalis,K3III,8,-92,-53,2281
107Her,A7V,6,-70,38,2282
44Chi Dra,F7Vvar,0,-2,7,2283
58Eta Ser,K0III-IV,1,-18,0,2284
Xi  Pav,M1III SB,6,-68,-126,2285
Phi Oct,A0V,1,-15,-57,2286
Zet Sct,K0III,6,-62,-9,2287
109Her,K2III,3,-33,13,2288
39Dra,A3V,3,-29,48,2289
Kaus Australis,B9.5III,3,-36,-24,2290
2Mu  Lyr,A3IVn,10,-103,85,2291
18Sgr,K0III,18,-167,-100,2292
21Sgr,A1/A2V,13,-117,-44,2293
42Dra,K2III,4,-39,87,2294
Alp Tel,B3IV,6,-58,-61,2295
59Ser,G0III+...,17,-142,0,2296
Kaus Borealis,K1IIIb,2,-21,-10,2297
Zet Tel,G8/K0III,3,-25,-29,2298
Gam Sct,A1IV/V,12,-94,-24,2299
60Ser,K0III,9,-69,-2,2300
Nu  Pav,B8III,8,-62,-119,2301
Del1Tel,B6IV,20,-149,-155,2302
61Ser,A4III,26,-186,-3,2303
Del2Tel,B3III,35,-253,-262,2304
45Dra,F7Ib,50,-349,544,2305
Kap2CrA,B8,5,-36,-29,2306
Kap1CrA,B9.5,33,-230,-186,2307
The CrA,G5III,18,-125,-115,2308
24Sgr,K3III,85,-571,-257,2309
25Sgr,F2II,13694,-90161,-41027,2310
Alp Sct,K2III,9,-59,-8,2311
Vega,A0Vvar,0,-5,4,2312
26Sgr,A3m...,10,-56,-25,2313
Del Sct,F2IIIp d Del,11,-60,-9,2314
46Dra,B9.5p...,10,-58,86,2315
Zet Pav,K2III,3,-20,-63,2316
Eps Sct,G8II,30,-160,-23,2317
Lam CrA,A0/A1V,9,-48,-39,2318
4Eps1Lyr,F1V,7,-37,31,2319
5Eps2Lyr,A8Vn,7,-36,30,2320
6Zet1Lyr,Am,7,-37,29,2321
7Zet2Lyr,F0IVvar,7,-37,29,2322
4Aql,B9V,27,-139,5,2323
27Phi Sgr,B8.5III,12,-64,-33,2324
110Her,F6V,3,-17,6,2325
28Sgr,K5III,38,-189,-79,2326
50Dra,A1Vn,4,-21,83,2327
5Aql,A2m,22,-109,-1,2328
111Her,A5III,5,-26,9,2329
Bet Sct,G5II...,57,-274,-23,2330
Mu  CrA,G5/G6III,19,-90,-78,2331
The Pav,A9V,6,-27,-61,2332
Eta1CrA,A2Vn,15,-72,-71,2333
Eta2CrA,B9IV,23,-104,-101,2334
29Sgr,K2III,57,-262,-99,2335
8Nu 1Lyr,B3IV,72,-329,217,2336
9Nu 2Lyr,A3V,12,-58,38,2337
Sheliak,A8:V comp SB,53,-240,162,2338
30Sgr,F2IV,14,-63,-26,2339
47Omi Dra,K0II-III SB,11,-52,90,2340
8Aql,F2III,17,-76,-4,2341
Lam Pav,B2II-III,46,-199,-387,2342
112Her,B9p...,26,-112,45,2343
Kap Tel,G8/K0III,11,-49,-65,2344
11Del1Lyr,B2.5V,56,-236,182,2345
33Sgr,G8/K0II,109,-455,-183,2346
32Nu 1Sgr,K1II,74,-309,-133,2347
52Ups Dra,K0III,7,-32,99,2348
12Del2Lyr,M4IIvar,42,-175,135,2349
113Her,G4III+...,31,-129,55,2350
Chi Oct,K3III,0,-3,-78,2351
35Nu 2Sgr,K1Ib/II,18,-75,-32,2352
Nunki,B2.5V,14,-60,-30,2353
13Lyr,M5IIIvar,15,-63,63,2354
63The1Ser,A5V,11,-45,3,2355
63The2Ser,A5Vn,12,-50,3,2356
48Dra,K1III,11,-43,71,2357
Kap Pav,F5Ib-II:,14,-57,-141,2358
Eta Sct,K1III,15,-59,-6,2359
64Ser,B9IIIp...,86,-337,15,2360
36Xi 1Sgr,B9.5Ib,146,-573,-223,2361
37Xi 2Sgr,G8/K0II/III,26,-101,-40,2362
Lam Tel,A0V,28,-109,-149,2363
Ome Pav,K1III-IV,21,-83,-149,2364
Eps CrA,F3IV/V,6,-23,-18,2365
10Aql,F0spe...,19,-73,18,2366
14Gam Lyr,B9III,40,-154,102,2367
11Aql,F8V,12,-45,11,2368
13Eps Aql,K2III,11,-44,12,2369
15Lam Lyr,K3III,74,-277,180,2370
49Dra,G5IIbCN...,22,-82,124,2371
16Lyr,A7V,6,-24,27,2372
12Aql,K1IIIvar,11,-42,-4,2373
38Zet Sgr,A3IV,6,-22,-13,2374
14Aql,A1V,41,-147,-9,2375
Zet CrA,A0Vn,11,-42,-39,2376
39Omi Sgr,K0III,11,-38,-16,2377
51Dra,A0Vn,18,-63,89,2378
15Aql,K1III,24,-84,-6,2379
17Zet Aql,A0Vn,6,-23,6,2380
16Lam Aql,B9Vn,10,-36,-3,2381
Rho Tel,F7V,9,-33,-44,2382
Gam CrA,F7IV-V,3,-13,-10,2383
40Tau Sgr,K1/K2III,9,-31,-17,2384
18Aql,B8III,60,-201,41,2385
18Iot Lyr,B6IV,64,-212,161,2386
17Lyr,F0V,10,-33,22,2387
Del CrA,K1III,12,-39,-35,2388
19Aql,F0III-IV,13,-43,4,2389
59Dra,A9V,1,-6,26,2390
Alp CrA,A0/A1V,9,-28,-23,2391
55Dra,A0V,11,-36,85,2392
Albaldah,F2II/III,43,-139,-56,2393
Bet CrA,K0II/IIICN.,33,-107,-92,2394
53Dra,G8III,17,-54,88,2395
19Lyr,B9p Si,71,-222,141,2396
57Del Dra,G9III,3,-10,27,2397
20Aql,B3V,92,-282,-41,2398
21Aql,B8II-III,68,-206,8,2399
20Eta Lyr,B2.5IV,104,-313,268,2400
54Dra,K2III,8,-25,42,2401
1Sge,A4V,27,-81,33,2402
42Psi Sgr,K0/K1III+..,26,-78,-39,2403
60Tau Dra,K3III,4,-12,43,2404
1Vul,B4IV,75,-218,90,2405
21The Lyr,K0II,65,-189,157,2406
Tau Pav,A6IV/V,22,-65,-181,2407
22Aql,A3IV,53,-154,13,2408
1Kap Cyg,K0III,7,-21,30,2409
43Sgr,K0III,46,-131,-47,2410
2Vul,B0.5IV,114,-323,145,2411
25Ome1Aql,F0IV,41,-117,25,2412
23Aql,K2II-IIIvar,38,-107,2,2413
24Aql,K0II-III:..,42,-119,0,2414
28Aql,F0III,34,-94,22,2415
29Ome2Aql,A2V,27,-75,16,2416
26Aql,G8III-IV...,16,-44,-4,2417
27Aql,B9III,46,-125,-2,2418
58Pi  Dra,A2IIIs,9,-27,63,2419
44Rho1Sgr,F0III/IV,12,-34,-11,2420
46Ups Sgr,F2p,183,-492,-150,2421
45Rho2Sgr,K0III,33,-90,-31,2422
Bet1Sgr,B9V,24,-64,-67,2423
3Vul,B6III,38,-101,53,2424
Eta Tel,A0Vn,9,-26,-39,2425
Bet2Sgr,F2III,10,-27,-28,2426
Alp Sgr,B8V,15,-39,-36,2427
2Cyg,B3IV,80,-209,127,2428
2Sge,A2III-IV,38,-100,32,2429
31Aql,G8IVvar,5,-13,3,2430
47Chi1Sgr,A4IV/V,25,-65,-32,2431
4Vul,K0III,28,-72,28,2432
49Chi3Sgr,K3III,51,-130,-62,2433
30Del Aql,F0IV,5,-14,0,2434
4Cyg,B9sp...,64,-162,128,2435
5Vul,A0V,25,-63,25,2436
50Sgr,K1/K2III,45,-114,-49,2437
32Nu  Aql,F2Ib,320,-808,5,2438
7Iot1Cyg,A1V,24,-61,85,2439
6Alp Vul,M0 comp,31,-76,38,2440
8Vul,K0III,54,-132,66,2441
35Aql,A0V,23,-56,2,2442
7Vul,B5Vn,126,-308,123,2443
10Iot2Cyg,A5Vn,8,-21,29,2444
Mu  Tel,F5V,7,-18,-28,2445
36Aql,M1IIIvar,62,-149,-7,2446
Albireo,K3II+...,45,-108,62,2447
6Bet2Cyg,B8V,41,-99,57,2448
8Cyg,B3IV,84,-200,149,2449
61Sig Dra,K0V,0,-1,5,2450
38Mu  Aql,K3III,13,-30,4,2451
9Vul,B8IIIn,63,-146,57,2452
Campbell's Hydrogen Star,WC...,34611,-78889,50778,2453
9Cyg,A0V+...,59,-136,84,2454
37Aql,G8III,55,-126,-25,2455
Iot Tel,G9III,30,-69,-84,2456
11Cyg,B8Vn,59,-135,111,2457
51Sgr,A1m...,33,-74,-37,2458
13The Cyg,F4V,4,-10,14,2459
52Sgr,B8/B9V,21,-48,-24,2460
41Iot Aql,B5III,49,-109,-2,2461
39Kap Aql,B0.5III,209,-466,-63,2462
4Eps Sge,G8IIIvar,58,-128,41,2463
42Aql,F3IV,13,-29,-2,2464
44Sig Aql,B3V + B3V,99,-216,22,2465
12Phi Cyg,G8III-IV...,29,-64,41,2466
14Cyg,B9III,61,-133,135,2467
53Sgr,A0V,38,-82,-39,2468
5Alp Sge,G0II,52,-112,40,2469
45Aql,A3IV,45,-97,-1,2470
54Sgr,K1III,30,-64,-20,2471
6Bet Sge,G8II,54,-116,40,2472
16Cyg,G2V,5,-12,16,2473
46Aql,B9III,90,-190,45,2474
55Sgr,F3IV/V,22,-47,-15,2475
47Chi Aql,F3V:+...,110,-230,53,2476
10Vul,G8III,40,-82,44,2477
15Cyg,G8III,30,-63,53,2478
48Psi Aql,B9III-IV,133,-271,71,2479
18Del Cyg,B9.5III,15,-32,35,2480
49Ups Aql,A3IV,23,-47,7,2481
Tarazed,K3II,53,-106,22,2482
56Sgr,K0III,26,-53,-21,2483
17Cyg,F5,7,-15,11,2484
7Del Sge,M2II + B6,77,-154,57,2485
Nu  Tel,A9Vn,12,-24,-41,2486
63Eps Dra,G8III,6,-13,42,2487
52Pi  Aql,F2V:+...,70,-137,32,2488
8Zet Sge,A3V,33,-65,25,2489
Chi Cyg,S71e:,70,-134,98,2490
19Cyg,M2IIIa,76,-146,132,2491
20Cyg,K3IIIvar,17,-33,49,2492
Altair,A7IV-V,2,-4,0,2493
51Aql,F0V,12,-24,-5,2494
54Omi Aql,F8V,8,-16,3,2495
12Vul,B2.5V,83,-157,74,2496
57Sgr,K0III,51,-96,-37,2497
9Sge,O8e,44608,-83577,32014,2498
55Eta Aql,F6Ibv SB,199,-373,7,2499
23Cyg,B5V,49,-91,163,2500
13Vul,B9.5III,44,-82,41,2501
56Aql,K5III,91,-168,-28,2502
59Xi  Aql,K0III,26,-48,8,2503
57Aql,B7Vn,70,-128,-21,2504
57Aql,B8V,73,-135,-22,2505
58Aql,A0III,54,-99,0,2506
Iot Sgr,K0III,20,-36,-37,2507
Alshain,G8IVvar,6,-11,1,2508
24Psi Cyg,A4Vn,25,-46,68,2509
58Ome Sgr,G3/G5III,11,-20,-11,2510
22Cyg,B5IV,167,-303,275,2511
10Sge,G5Ibv SB,46459,-83797,28627,2512
61Phi Aql,A1IV,32,-57,13,2513
21Eta Cyg,K0IIIvar,16,-29,23,2514
59Sgr,K3III,110,-198,-116,2515
11Sge,B9III,65,-116,40,2516
61Sgr,A2V,38,-68,-21,2517
Cygnus X-1,B0Ib,240,-422,343,2518
12Gam Sge,K5III,36,-64,26,2519
60Sgr,G8II/III,42,-74,-42,2520
14Vul,F0,22,-39,19,2521
69Dra,M3III,18,-32,156,2522
The1Sgr,B2.5IV,64,-112,-91,2523
The2Sgr,A4/A5IV,19,-34,-27,2524
25Cyg,B3IV,161,-279,243,2525
13Sge,M4IIIa,149,-258,94,2526
Mu 1Pav,K0IV,14,-24,-67,2527
Eps Pav,A0V,4,-8,-30,2528
15Vul,A4III,32,-55,33,2529
26Cyg,K1II-III,43,-73,102,2530
64Dra,M1III,38,-66,163,2531
Mu 2Pav,K2IVCN...,14,-24,-66,2532
63Sgr,A1IV,44,-76,-21,2533
16Vul,F2III,31,-53,28,2534
65Dra,G7III:,24,-40,99,2535
62Sgr,M4III,62,-104,-63,2536
67Rho Dra,K3III,25,-42,121,2537
15Sge,G1V,8,-14,5,2538
63Tau Aql,K0III,72,-120,17,2539
62Aql,K4III,66,-109,-1,2540
16Eta Sge,K2III,23,-39,16,2541
65Sgr,A0V,63,-103,-27,2542
66Dra,K3III,12,-21,46,2543
27Cyg,K0IV,10,-16,14,2544
17Vul,B3V,74,-120,61,2545
Xi  Tel,M1II,105,-169,-264,2546
64Aql,K1IV,24,-39,0,2547
Del Pav,G5IV-Vvar,1,-2,-5,2548
1Kap Cep,B9III,10,-17,94,2549
28Cyg,B2.5V,135,-214,190,2550
17The Sge,F5IV,22,-35,16,2551
18Vul,A3III,62,-97,58,2552
65The Aql,B9.5III,47,-73,-1,2553
68Dra,F5V,12,-19,42,2554
19Vul,K3II-III,210,-324,195,2555
1Xi 1Cap,K0III,76,-117,-30,2556
20Vul,B7Ve...,120,-185,110,2557
2Xi 2Cap,F5V,14,-22,-6,2558
66Aql,K5III,119,-181,-3,2559
30Cyg,A5IIIn,70,-107,136,2560
33Cyg,A3IV-Vn,14,-22,40,2561
31Cyg,K2II+...,102,-155,197,2562
21Vul,A7IVn,44,-66,43,2563
67Rho Aql,A2V,24,-36,12,2564
29Cyg,A2V,18,-28,25,2565
32Cyg,K3Ib-II comp,121,-181,240,2566
22Vul,G2Ib SB,300,-447,234,2567
23Vul,K3III,51,-76,48,2568
18Sge,K1III,52,-78,37,2569
3Cap,B9IV,74,-109,-29,2570
24Vul,G8III,68,-100,56,2571
5Alp1Cap,G3Ib,96,-140,-37,2572
34Cyg,B2pe,44552,-64954,61611,2573
4Cap,G8III,51,-74,-36,2574
6Alp2Cap,G6/G8III,17,-26,-7,2575
36Cyg,A2V,28,-41,37,2576
35Cyg,F5Ib,452,-654,556,2577
7Sig Cap,K2III,185,-266,-112,2578
71Dra,B9V,30,-44,102,2579
8Nu  Cap,B9IV,43,-61,-17,2580
9Bet Cap,A5:n,55,-79,-25,2581
25Vul,B8IIIn,161,-226,126,2582
Sadr,F8Ib,249,-348,363,2583
Kap1Sgr,A0V,28,-39,-44,2584
39Cyg,K3III,38,-52,40,2585
Kap2Sgr,A3V,41,-57,-64,2586
Peacock,B2IV,17,-24,-45,2587
43Cyg,F0V:,14,-19,28,2588
10Pi  Cap,B4V,95,-127,-52,2589
40Cyg,A3V,38,-51,50,2590
75Dra,G9III,12,-16,138,2591
68Aql,B9V,111,-147,-10,2592
11Rho Cap,F3V,17,-22,-9,2593
42Cyg,A1Ib,387,-507,471,2594
41Cyg,F5II,123,-161,119,2595
74Dra,K0III+...,5,-7,62,2596
2The Cep,A7III,11,-15,37,2597
69Aql,K2III,37,-48,-3,2598
12Omi Cap,A7/A8V,57660,-75228,-31873,2599
12Omi Cap,A1V,38,-49,-21,2600
45Ome1Cyg,B2.5IV,111,-145,210,2601
1Del,A1sh,136,-177,43,2602
44Cyg,F5Iab,48931,-63203,60092,2603
46Ome2Cyg,M2III,49,-63,92,2604
73Dra,A0p...,19,-24,117,2605
2Eps Del,B6III,61,-77,19,2606
47Cyg,K2Ib comp,430,-541,489,2607
Nu  Mic,K0III,31,-40,-50,2608
3Eta Del,A3IVs,43,-55,16,2609
4Zet Del,A3V,40,-50,17,2610
Phi1Pav,F1III,8,-10,-24,2611
26Vul,A5III,110,-136,85,2612
70Aql,K5II,251,-308,-17,2613
27Vul,B9V,55,-67,43,2614
48Cyg,B8IIIn,141,-172,137,2615
6Bet Del,F5IV,18,-23,7,2616
Alp Ind,K0III,12,-15,-22,2617
Rho Pav,Fm delta Del,17,-21,-51,2618
5Iot Del,A2V,36,-43,11,2619
71Aql,G8III SB,65,-79,-1,2620
29Vul,A0V,42,-51,25,2621
28Vul,B5IV,93,-112,65,2622
8The Del,K3Ib,383,-462,142,2623
7Kap Del,G5IV+...,18,-22,5,2624
14Tau Cap,B7III,215,-258,-89,2625
1Aqr,K1III,45,-54,0,2626
9Alp Del,B9V,48,-57,21,2627
Phi2Pav,F8V,7,-9,-21,2628
15Ups Cap,M1III,108,-129,-55,2629
49Cyg,G8IIb,133,-157,130,2630
10Del,K4III:,97,-114,39,2631
Deneb,A2Ia,197,-232,307,2632
Mu 2Oct,G1V,7,-8,-42,2633
Ups Pav,B8Vvar,61,-72,-221,2634
Mu 1Oct,F4III-IV,15,-18,-98,2635
51Cyg,B2V,162,-189,300,2636
76Dra,A0V,9,-10,107,2637
4Cep,A8V,11,-12,39,2638
11Del Del,A7IIIp d Del,43,-49,17,2639
Eta Ind,A6:var,9,-11,-19,2640
30Vul,K2III,59,-67,42,2641
Bet Pav,A5IV,11,-12,-37,2642
3Eta Cep,K0IV,4,-5,12,2643
52Cyg,K0III,35,-39,31,2644
16Psi Cap,F5V,8,-9,-6,2645
17Cap,A1V,49,-56,-29,2646
Gienah,K0III,12,-13,12,2647
12Gam1Del,A2Ia+...,24,-27,10,2648
12Gam2Del,K1IV,24,-27,10,2649
54Lam Cyg,B6IV,126,-141,140,2650
2Eps Aqr,A1V,41,-46,-10,2651
3Aqr,M3IIIvar,119,-133,-15,2652
13Del,A0V,87,-97,13,2653
Iot Mic,F1IV,17,-18,-24,2654
55Cyg,B3Ia,332,-366,514,2655
Sig Pav,K0III,22,-24,-86,2656
Zet Ind,K5III,59,-64,-91,2657
15Del,F5V,20,-22,6,2658
14Del,A1Vs,102,-112,20,2659
Alp Mic,G8III,65,-71,-64,2660
56Cyg,A4me...,19,-21,28,2661
4Aqr,F5IV-V,41,-44,-5,2662
Iot Ind,K1II/III,60,-65,-112,2663
18Ome Cap,K4III,157,-168,-116,2664
Bet Mic,A1IV,84,-90,-80,2665
31Vul,G8III,35,-37,26,2666
5Aqr,B9III,135,-144,-19,2667
6Mu  Aqr,A3m,32,-34,-7,2668
57Cyg,B5V,78,-83,112,2669
32Vul,K4III,108,-114,83,2670
19Cap,K0III,73,-76,-34,2671
Bet Ind,K0III,67,-70,-159,2672
17Del,K0III,99,-102,34,2673
16Del,A4V,40,-42,13,2674
7Aqr,K5III,115,-118,-28,2675
58Nu  Cyg,A1Vn,60,-61,75,2676
33Vul,K4III,90,-91,52,2677
18Del,G6III:,51,-52,14,2678
1Eps Equ,F5III...,37,-38,4,2679
20Cap,Ap Si,109,-109,-53,2680
59Cyg,B1ne,207,-207,320,2681
11Aqr,G1V,19,-19,-2,2682
60Cyg,B1V,230,-227,337,2683
Gam Mic,G8III,42,-41,-37,2684
Zet Mic,F3V,19,-19,-22,2685
12Aqr,G4,110,-106,-15,2686
22Eta Cap,A5V,33,-32,-16,2687
3Equ,K5III,169,-162,22,2688
Alp Oct,F4III,7,-6,-42,2689
62Xi  Cyg,K5Ibv SB,134,-128,179,2690
Mu  Ind,K2III,46,-44,-91,2691
4Equ,F8V,35,-33,5,2692
23The Cap,A1V,34,-32,-14,2693
Del Mic,K0/K1III,57,-55,-46,2694
Eta Mic,K3III,119,-112,-144,2695
63Cyg,K4II,155,-146,233,2696
61Cyg,K5V,1,-1,2,2697
61Cyg,K7V,1,-1,2,2698
24Cap,K5/M0III,92,-86,-59,2699
25Chi Cap,A0V,37,-34,-19,2700
Sig Oct,F0III,1,-1,-86,2701
27Cap,F2IV/V,35,-32,-18,2702
13Nu  Aqr,G8III,35,-32,-9,2703
5Gam Equ,F0p,26,-24,6,2704
6Equ,A2Vs,98,-90,23,2705
64Zet Cyg,G8II SB,28,-25,22,2706
Omi Pav,M2III,69,-61,-257,2707
7Del Equ,F5V+...,13,-12,3,2708
65Tau Cyg,F1IV,12,-10,12,2709
28Phi Cap,K0II/III,139,-121,-69,2710
29Cap,M2III,136,-118,-49,2711
8Alp Equ,G0III+...,43,-38,5,2712
Lacaille 8760,M1/M2V,2,-2,-2,2713
67Sig Cyg,B9Iab,518,-445,561,2714
66Ups Cyg,B2Vne,122,-104,112,2715
Eps Mic,A0V,35,-30,-29,2716
30Cap,B5II/III,118,-101,-50,2717
15Aqr,B5V,236,-201,-24,2718
31Cap,F0V,69,-59,-28,2719
68Cyg,O8,54841,-46651,69397,2720
Alderamin,A7IV-V,5,-4,13,2721
6Cep,B3IVe,197,-166,552,2722
The Ind,A5V,13,-11,-24,2723
The1Mic,A2p,35,-29,-39,2724
16Aqr,G7III:,69,-57,-7,2725
9Equ,M2III,153,-127,25,2726
1Peg,K1III,34,-28,16,2727
32Iot Cap,G8III,44,-36,-17,2728
10Bet Equ,A3V,77,-63,12,2729
17Aqr,M0III,171,-140,-36,2730
33Cap,K0III,53,-43,-26,2731
18Aqr,F0V,35,-28,-10,2732
The2Mic,A0III,70,-56,-78,2733
20Aqr,F0III,49,-39,-3,2734
19Aqr,F0IV,70,-56,-15,2735
21Aqr,K4III,92,-74,-7,2736
69Cyg,B0Ib,62727,-49992,59716,2737
Gam Ind,F1III,30,-24,-54,2738
Gam Pav,F6V,3,-2,-8,2739
34Zet Cap,G4Ibp...,85,-67,-45,2740
35Cap,K3III,125,-99,-62,2741
70Cyg,B3V,250,-197,241,2742
35Vul,A1V,40,-31,27,2743
7Cep,B7V,76,-59,226,2744
8Bet Cep,B2IIIv SB,55,-42,198,2745
36Cap,K0III,38,-29,-19,2746
5PsA,A1V,63,-49,-49,2747
71Cyg,K0III,36,-27,48,2748
2Peg,M1III,87,-67,48,2749
Sadalsuud,G0Ib,130,-98,-15,2750
Xi  Gru,K0III,85,-64,-94,2751
6PsA,A2V,102,-76,-86,2752
73Rho Cyg,G8III,21,-15,27,2753
72Cyg,K1III,44,-32,44,2754
37Cap,F5V,20,-15,-9,2755
8PsA,A7/A8IV,42,-30,-25,2756
7PsA,A5V,50,-36,-40,2757
74Cyg,A5V,40,-29,42,2758
39Eps Cap,B3V:p,247,-178,-107,2759
3Peg,F2V,117,-83,16,2760
3Peg,A2V,70,-50,10,2761
23Xi  Aqr,A7V,44,-31,-7,2762
5Peg,F1IV,75,-54,32,2763
9Cep,B2Ib,38108,-27202,88361,2764
4Peg,A9IV-Vn,44,-31,5,2765
25Aqr,K0III,56,-39,2,2766
40Gam Cap,A7III:mp...,37,-26,-13,2767
75Cyg,M1IIIvar,73,-51,84,2768
Nu  Oct,K0III,3,-2,-20,2769
42Cap,G2V,26,-18,-8,2770
76Cyg,A2V,94,-65,99,2771
11Cep,K0III,14,-10,52,2772
41Cap,K0III,53,-36,-27,2773
80Pi 1Cyg,B3IV,273,-187,412,2774
26Aqr,K2III,282,-193,7,2775
7Peg,M2III,183,-125,22,2776
77Cyg,A0V,78,-53,83,2777
43Kap Cap,G8III,70,-48,-29,2778
44Cap,A9/F0V,106,-72,-33,2779
79Cyg,A0V,54,-37,52,2780
Mu  Cep,M2Ia,42908,-29076,85518,2781
45Cap,A7IV/V,42,-28,-13,2782
78Mu 1Cyg,F6V,16,-10,10,2783
Enif,K2Ibvar,172,-116,36,2784
9Peg,G5Ib,225,-151,84,2785
10Kap Peg,F5IV,25,-17,14,2786
9Iot PsA,B9.5V,43,-29,-34,2787
46Cap,G8II-III,199,-133,-38,2788
10Nu  Cep,A2Iavar,40209,-26753,87563,2789
12Peg,K0Ib,328,-217,166,2790
47Cap,M3III,299,-197,-58,2791
48Lam Cap,A1V,70,-46,-17,2792
81Pi 2Cyg,B3III,184,-121,257,2793
49Del Cap,A5mF2 (IV),9,-6,-3,2794
11Peg,A1V,145,-95,8,2795
12Cep,M1III,57,-37,122,2796
10The PsA,A1V,70,-46,-50,2797
14Peg,A1Vs,61,-39,42,2798
13Peg,F2III-IV,26,-17,9,2799
Omi Ind,M0III,49,-31,-156,2800
Lam Oct,G8/K0III+..,13,-8,-124,2801
15Peg,F6IVwvar,20,-12,13,2802
16Peg,B3V,148,-91,84,2803
51Mu  Cap,F3IV,22,-13,-6,2804
Gam Gru,B8III,43,-26,-39,2805
13Cep,B8Ibvar,47033,-28572,83495,2806
Pi  Ind,A3m...,65,-39,-121,2807
17Peg,A2Vnn,103,-61,25,2808
Del Ind,F0IV,28,-16,-47,2809
Kap1Ind,F3V,29,-17,-57,2810
16Cep,F5V,9,-5,35,2811
18Peg,B3III,283,-163,38,2812
12Eta PsA,B8/B9V+...,191,-109,-119,2813
28Aqr,K4III:,190,-108,2,2814
20Peg,F4III,65,-37,17,2815
19Peg,K5III,142,-81,23,2816
14Cep,O9V,431,-243,792,2817
29Aqr,A0/1V + K1/2,225,-126,-78,2818
30Aqr,K0III,80,-45,-10,2819
Eps Ind,K5V,1,0,-3,2820
31Omi Aqr,B7IVe,116,-65,-5,2821
21Peg,B9.5V,165,-92,38,2822
17Xi  Cep,Am,11,-6,26,2823
18Cep,M5III,51,-28,115,2824
13PsA,K5III,483,-266,-317,2825
32Aqr,A5m,59,-32,-1,2826
20Cep,K4III,37,-20,82,2827
19Cep,O9.5Ib,258,-141,560,2828
23Peg,B9Vn,81,-44,51,2829
22Nu  Peg,K4III,72,-39,7,2830
Sadalmelik,G2Ib,140,-76,0,2831
Kap2Ind,K4III,66,-36,-129,2832
Lam Gru,M0III,50,-27,-47,2833
33Iot Aqr,B8V,45,-24,-12,2834
24Iot Peg,F5V,9,-5,5,2835
25Peg,B7Vn,152,-81,68,2836
Alnair,B7IV,18,-9,-22,2837
14Mu  PsA,A2V,30,-16,-22,2838
Ups PsA,K4III,95,-50,-72,2839
35Aqr,B2III,599,-315,-226,2840
27Pi 1Peg,G6III:,65,-34,48,2841
24Cep,G8III,32,-16,115,2842
29Pi 2Peg,F5III,59,-31,44,2843
15Tau PsA,F6V,13,-7,-9,2844
26The Peg,A2V,24,-12,3,2845
28Peg,A3III,172,-89,74,2846
38Aqr,B5III,120,-62,-27,2847
21Zet Cep,K1Ibv SB,120,-61,217,2848
22Lam Cep,O6e,274,-140,521,2849
39Aqr,F0V,36,-18,-10,2850
41Aqr,K1III,59,-29,-25,2851
16Lam PsA,B7V,121,-60,-71,2852
23Eps Cep,F0IV,12,-6,21,2853
Mu 1Gru,G8III+...,56,-27,-55,2854
1Lac,K3III,135,-66,116,2855
Mu 2Gru,G8III,54,-26,-54,2856
42Aqr,K1III,157,-76,-39,2857
43The Aqr,G8III-IV,51,-24,-7,2858
44Aqr,G6III,85,-40,-8,2859
Psi Oct,F3III,7,-3,-37,2860
25Cep,K3III,116,-55,251,2861
Alp Tuc,K3III,27,-13,-53,2862
45Aqr,K0III,99,-47,-26,2863
Eps Oct,M6III,13,-6,-87,2864
46Rho Aqr,B8IIIMNp...,242,-112,-36,2865
30Peg,B5IV,352,-163,39,2866
2Lac,B6V,106,-48,123,2867
32Peg,B9III,170,-78,101,2868
31Peg,B2IV-V,442,-202,105,2869
47Aqr,K0III,44,-20,-19,2870
48Gam Aqr,A0V,45,-20,-1,2871
Pi 1Gru,S57:,103,-46,-117,2872
Pi 2Gru,F3III-IV,25,-11,-28,2873
49Aqr,K0IIICN...,66,-29,-33,2874
3Bet Lac,G9III,29,-13,41,2875
33Peg,F7V,28,-12,11,2876
51Aqr,A0V,113,-50,-10,2877
50Aqr,K0III,124,-55,-32,2878
4Lac,B9Iab,409,-181,524,2879
Nu  Ind,A3V: + F9V,8,-3,-27,2880
52Pi  Aqr,B1Ve,219,-96,5,2881
53Aqr,G3V,17,-7,-5,2882
34Peg,F7V,34,-15,2,2883
28Rho1Cep,A2m,11,-4,61,2884
26Cep,B0.5Ib,38643,-16585,90728,2885
Del Tuc,B8V,29,-12,-69,2886
35Peg,K0III,41,-17,3,2887
Kruger 60,M2V,1,0,3,2888
Nu  Gru,G8III,62,-26,-55,2889
55Zet1Aqr,F3III-IV,25,-10,0,2890
36Peg,K5III,166,-69,29,2891
27Del Cep,G2Ibvar,128,-53,225,2892
Del1Gru,G6/G8III,63,-26,-65,2893
5Lac,M0II,313,-130,373,2894
Del2Gru,M4.5IIIa,67,-28,-69,2895
29Rho2Cep,A3V,13,-5,73,2896
37Peg,F5IVs,47,-19,4,2897
38Peg,B9.5V,86,-35,59,2898
56Aqr,B8II,173,-71,-48,2899
6Lac,B2IV,355,-146,359,2900
57Sig Aqr,A0IVs,80,-33,-16,2901
Zet PsA,K1III,110,-45,-58,2902
7Alp Lac,A1V,18,-7,24,2903
17Bet PsA,A1V,34,-13,-23,2904
Ups Oct,K0III,6,-2,-99,2905
58Aqr,A8III,65,-26,-13,2906
39Peg,F1V,43,-17,17,2907
Nu  Tuc,M4III,38,-15,-78,2908
60Aqr,G6III,99,-39,-2,2909
59Ups Aqr,F7V,19,-7,-8,2910
62Eta Aqr,B9IV-Vn,47,-18,0,2911
31Cep,F3III-IV,14,-5,52,2912
8Lac,B2V,71888,-27642,63780,2913
Sig1Gru,A3Vn,48,-18,-44,2914
Sig2Gru,A1V,46,-17,-42,2915
9Lac,A8IV,30,-11,41,2916
63Kap Aqr,K2III,61,-22,-4,2917
30Cep,A3IV,36,-13,78,2918
40Peg,G8II,101,-37,38,2919
10Lac,O9V,385,-141,333,2920
41Peg,A2V,181,-66,69,2921
11Lac,K3III,68,-24,71,2922
18Eps PsA,B8V,125,-45,-67,2923
42Zet Peg,B8.5V,57,-20,11,2924
12Lac,B2IIIv SB,295,-105,265,2925
43Omi Peg,A1IV,75,-26,44,2926
19PsA,M3III,173,-61,-103,2927
Bet Gru,M5III,34,-12,-39,2928
Matar,G2II-III..,53,-18,33,2929
67Aqr,A0Vn,107,-37,-13,2930
Rho Gru,K0III,50,-17,-46,2931
66Aqr,K3III,118,-41,-42,2932
13Lac,K0III,55,-19,52,2933
Babcock's star,A0p,53443,-18369,82500,2934
45Peg,G6III:,101,-34,37,2935
Eta Gru,K2IIICNIV,71,-24,-102,2936
Bet Oct,A9IV/V,6,-2,-45,2937
47Lam Peg,G8II-III,97,-32,44,2938
46Xi  Peg,F7V,15,-5,3,2939
68Aqr,G8III,69,-22,-26,2940
69Tau1Aqr,B9V,89,-29,-23,2941
70Aqr,A9III-IV,104,-33,-20,2942
Eps Gru,A3V,23,-7,-30,2943
71Tau2Aqr,K5III,90,-28,-22,2944
32Iot Cep,K0III,13,-4,32,2945
48Mu  Peg,M2III,28,-8,13,2946
14Lac,B3IV:var,247,-77,232,2947
Xi  Oct,B6IV,24,-7,-148,2948
21PsA,G8/K0III,82,-25,-48,2949
15Lac,M0III,69,-21,68,2950
49Sig Peg,F7IV,25,-7,4,2951
22Gam PsA,A0III,53,-16,-35,2952
73Lam Aqr,M2IIIvar,112,-33,-15,2953
74Aqr,B8IV/V,237,-70,-50,2954
Tau1Gru,G3IV,20,-6,-24,2955
78Aqr,K3III,196,-57,-25,2956
76Del Aqr,A3V,45,-13,-13,2957
Rho Ind,G4IV-V,8,-2,-25,2958
77Aqr,K1III,37,-11,-11,2959
1Psc,A7III,103,-30,2,2960
50Rho Peg,A1V,90,-26,14,2961
23Del PsA,G8III,38,-10,-25,2962
16Lac,B2IV,280,-80,259,2963
Tau3Gru,Am...,48,-13,-55,2964
51Peg,G5V,14,-3,5,2965
Fomalhaut,A3V,6,-1,-3,2966
52Peg,A7V,89,-24,19,2967
2Psc,K1III:,88,-23,1,2968
3Psc,G4III,173,-45,0,2969
Zet Gru,G8III,19,-5,-26,2970
81Aqr,K5III,145,-38,-18,2971
1Omi And,B6pv SB,150,-39,141,2972
82Aqr,M2III,429,-110,-51,2973
2And,A3Vn,91,-23,87,2974
Pi  PsA,A9V,23,-5,-16,2975
Scheat,M2II-IIIvar,51,-12,28,2976
4Bet Psc,B6Ve,121,-30,8,2977
3And,K0III,33,-8,41,2978
Kap Gru,K5III,63,-15,-90,2979
Markab,B9.5III,38,-9,10,2980
83Aqr,F2V,61,-15,-8,2981
Lacaille 9352,M2/M3V,2,0,-1,2982
1Cas,B0.5IV,171,-40,297,2983
86Aqr,G8III,59,-13,-26,2984
The Gru,F5me...,28,-6,-27,2985
Ups Gru,A0V,66,-15,-54,2986
55Peg,M2III,96,-22,16,2987
56Peg,K0IIp,159,-37,78,2988
4And,K5III,71,-16,77,2989
5And,F5V,21,-5,26,2990
33Pi  Cep,G2III,18,-4,73,2991
5Psc,G8IV,79,-18,3,2992
88Aqr,K1III,75,-16,-29,2993
57Peg,M4Sv,231,-51,36,2994
2Cas,A5III,266,-59,459,2995
89Aqr,A3IV:,139,-30,-59,2996
58Peg,B9III,238,-52,42,2997
Iot Gru,K0III SB,38,-8,-39,2998
6And,F5IV,19,-4,19,2999
59Peg,A5Vn,71,-15,11,3000
60Peg,G8III-IV,61,-13,31,3001
7And,F0V,15,-3,18,3002
90Phi Aqr,M2III,60,-12,-6,3003
61Peg,G5III,229,-44,125,3004
91Psi1Aqr,K0III,44,-8,-7,3005
92Chi Aqr,M3III,182,-34,-25,3006
6Gam Psc,G7III,41,-7,2,3007
Gam Tuc,F1III,11,-2,-19,3008
8And,M2III,111,-20,130,3009
93Psi2Aqr,B5Vn,119,-22,-19,3010
Phi Gru,F5V,26,-4,-23,3011
9And,A7m,95,-17,86,3012
34Omi Cep,K0III,22,-4,57,3013
Gam Scl,K1III,46,-8,-30,3014
95Psi3Aqr,A0V,77,-14,-13,3015
94Aqr,G6/G8IV,20,-3,-4,3016
96Aqr,F3IV,33,-5,-3,3017
11And,K0III,57,-10,65,3018
10And,M0III,107,-19,98,3019
7Psc,K2III,130,-22,12,3020
62Tau Peg,A5V,44,-7,19,3021
63Peg,M0III,109,-18,65,3022
12And,F5V,32,-5,25,3023
64Peg,B6III,213,-35,134,3024
97Aqr,A3V,62,-10,-16,3025
65Peg,B9.5V,161,-26,62,3026
98Aqr,K0III,46,-7,-17,3027
66Peg,K3III,114,-18,25,3028
4Cas,M1III,110,-17,213,3029
67Peg,B9III,121,-18,77,3030
68Ups Peg,F8IV,47,-7,20,3031
99Aqr,K4III,80,-12,-30,3032
Omi Gru,F4V,18,-2,-24,3033
8Kap Psc,A0p,46,-6,1,3034
13And,B9III,66,-9,62,3035
9Psc,G7III,111,-16,2,3036
69Peg,A0MNp...,99,-14,47,3037
10The Psc,K1III,44,-6,5,3038
Tau Oct,K2III,6,0,-148,3039
70Peg,G8III,51,-7,11,3040
14And,K0III,60,-7,50,3041
100Aqr,F0V,70,-8,-27,3042
13Psc,K1III,205,-25,-3,3043
Bet Scl,B9.5IVMNpe.,41,-4,-32,3044
101Aqr,A0V,83,-9,-32,3045
71Peg,M5IIIa,146,-17,61,3046
72Peg,K4III,142,-16,87,3047
14Psc,A2m,64,-7,-1,3048
15And,A1III,60,-6,51,3049
73Peg,K0III:,73,-8,49,3050
Iot Phe,A2V,55,-6,-51,3051
16Psc,F6Vbwvar,30,-3,1,3052
16Lam And,G8III-IV,18,-1,19,3053
74Peg,A1V,107,-10,32,3054
75Peg,A1Vn,67,-6,22,3055
17Iot And,B8V,111,-10,104,3056
18And,B9V,81,-7,99,3057
35Gam Cep,K1IV,3,0,13,3058
The Phe,A+...,53,-4,-57,3059
102Ome1Aqr,A7IV,42,-3,-10,3060
17Iot Psc,F7V,13,-1,1,3061
19Kap And,B9IVn,36,-3,36,3062
Mu  Scl,K0III,75,-6,-47,3063
103Aqr,K4/K5III,219,-17,-71,3064
104Aqr,G2Ib/II,243,-19,-78,3065
18Lam Psc,A7V,32,-2,1,3066
105Ome2Aqr,B9V,43,-3,-11,3067
77Peg,M2III,186,-13,34,3068
78Peg,K0III,59,-4,33,3069
106Aqr,B9V,110,-7,-36,3070
107Aqr,F2:V+...,69,-4,-23,3071
20Psi And,G5Ib,211,-12,222,3072
19Psc,C5II,274,-16,16,3073
5Tau Cas,K1III,27,-1,45,3074
Sig Phe,B3V,118,-6,-142,3075
20Psc,G8III,96,-5,-4,3076
6Cas,A3Ia comp,46560,-2269,88469,3077
Del Scl,A0V,37,-1,-19,3078
21Psc,A5m,92,-4,1,3079
79Peg,A2m,77,-3,42,3080
80Peg,M3III,255,-9,41,3081
108Aqr,Ap Si,92,-3,-31,3082
22Psc,K4II,228,-8,11,3083
Gam1Oct,G7III,11,0,-80,3084
81Phi Peg,M2III,133,-4,46,3085
82Peg,A4Vn,54,-1,10,3086
24Psc,G9III,137,-4,-7,3087
25Psc,A1V,126,-3,4,3088
7Rho Cas,F8Iavar,53714,-1316,84338,3089
26Psc,B9V,126,-2,15,3090
Gam2Oct,K0III,12,0,-92,3091
Eta Tuc,A1V,20,0,-42,3092
84Psi Peg,M3III,132,-1,62,3093
1Cet,K1IIICN...,183,-1,-52,3094
27Psc,G9III,71,0,-4,3095
Pi  Phe,K1III,53,0,-70,3096
8Sig Cas,B1V...,56272,-243,82663,3097
28Ome Psc,F4IV,31,0,3,3098
Eps Tuc,B9IV,47,0,-104,3099
p Eridani,K2 V,4,1,-6,3100
66Alp Gem,A m,-5,12,8,3101
53Xi  UMa,G0 Ve,-8,1,5,3102
53Xi  UMa,G0 Ve,-8,1,5,3103
29Gam Vir,F0 V,-11,-2,0,3104
42Alp Com,F5 V,-13,-4,4,3105
79Zet UMa,A1 m,-12,-4,19,3106
2Eta CrB,G2 V,-10,-12,9,3107
Xi  Sco,F6 IV-V,-11,-20,-4,3108
Xi  Sco,F6 IV-V,-11,-20,-4,3109
17Sig CrB,G1 V,-7,-16,12,3110
21Mu  Dra,F7 V,-3,-13,18,3111
36Oph,K1 Ve,-1,-5,-2,3112
69Tau Oph,dF3   J,0,-51,-7,3113
Gam CrA,F8 V,4,-13,-10,3114
78Mu 2Cyg,G2 V,16,-10,10,3115
53Aqr,G3 V,17,-7,-5,3116
